Date,Title,Artist,Link
2025/12/20,にじいろ,絢香,https://www.youtube.com/watch?v=iFRa7wzN2to&t=885s
2025/12/20,ルージュの伝言,荒井由実,https://www.youtube.com/watch?v=iFRa7wzN2to&t=1208s
2025/12/20,青空のラプソディ,fhána,https://www.youtube.com/watch?v=iFRa7wzN2to&t=1436s
2025/12/20,コネクト,ClariS,https://www.youtube.com/watch?v=iFRa7wzN2to&t=1620s
2025/12/20,僕が最高だから,ハコニワリリィ,https://www.youtube.com/watch?v=iFRa7wzN2to&t=2076s
2025/12/20,夜もすがら君想ふ,TOKOTOKO,https://www.youtube.com/watch?v=iFRa7wzN2to&t=2481s
2025/12/20,ラブソングに襲われる,=LOVE,https://www.youtube.com/watch?v=iFRa7wzN2to&t=2949s
2025/12/20,星座になれたら,結束バンド,https://www.youtube.com/watch?v=iFRa7wzN2to&t=3187s
2025/11/12,あなたに,MONGOL800,https://www.youtube.com/watch?v=basUGkkm_JY&t=338s
2025/11/12,にじいろ,絢香,https://www.youtube.com/watch?v=basUGkkm_JY&t=596s
2025/11/12,Good-bye days,YUI,https://www.youtube.com/watch?v=basUGkkm_JY&t=938s
2025/11/12,プラネタリウム,大塚愛,https://www.youtube.com/watch?v=basUGkkm_JY&t=1176s
2025/11/12,KissHug,aiko,https://www.youtube.com/watch?v=basUGkkm_JY&t=1384s
2025/11/12,イエスタデイ,Official髭男dism,https://www.youtube.com/watch?v=basUGkkm_JY&t=1765s
2025/11/12,手紙 ～拝啓 十五の君へ～,アンジェラ・アキ,https://www.youtube.com/watch?v=basUGkkm_JY&t=2203s
2025/11/12,花に亡霊,ヨルシカ,https://www.youtube.com/watch?v=basUGkkm_JY&t=2689s
2025/11/12,ハナミズキ,一青窈,https://www.youtube.com/watch?v=basUGkkm_JY&t=3000s
2025/11/12,花束のかわりにメロディーを,清水翔太,https://www.youtube.com/watch?v=basUGkkm_JY&t=3454s
2025/11/12,SAD SONG,ちゃんみな,https://www.youtube.com/watch?v=basUGkkm_JY&t=3839s
2025/11/12,セプテンバーさん,RADWIMPS,https://www.youtube.com/watch?v=basUGkkm_JY&t=4355s
2025/11/12,君の知らない物語,supercell,https://www.youtube.com/watch?v=basUGkkm_JY&t=5070s
2025/11/12,Snow halation,μ's,https://www.youtube.com/watch?v=basUGkkm_JY&t=5432s
2025/11/12,めくる世界、めぐる歌,しゆ。,https://www.youtube.com/watch?v=basUGkkm_JY&t=5746s
2024/12/26,カタオモイ,Aimer,https://www.youtube.com/watch?v=ztJVQ5m2HJ0&t=1005s
2024/12/26,チェリー,スピッツ,https://www.youtube.com/watch?v=ztJVQ5m2HJ0&t=1377s
2024/12/26,１・２・３,After the Rain,https://www.youtube.com/watch?v=ztJVQ5m2HJ0&t=2097s
2024/12/26,パズルガール,とあ,https://www.youtube.com/watch?v=ztJVQ5m2HJ0&t=2838s
2024/12/26,星座になれたら,結束バンド,https://www.youtube.com/watch?v=ztJVQ5m2HJ0&t=3513s
2024/12/26,瞬き,back number,https://www.youtube.com/watch?v=ztJVQ5m2HJ0&t=3915s
2024/12/26,to Mother,YUI,https://www.youtube.com/watch?v=ztJVQ5m2HJ0&t=4287s
2024/12/26,Rolling star,YUI,https://www.youtube.com/watch?v=ztJVQ5m2HJ0&t=4630s
2024/12/26,のびしろ,Creepy Nuts,https://www.youtube.com/watch?v=ztJVQ5m2HJ0&t=5507s
2024/12/26,Bling-Bang-Bang-Born,Creepy Nuts,https://www.youtube.com/watch?v=ztJVQ5m2HJ0&t=5736s
2024/12/26,メロンソーダ,aiko,https://www.youtube.com/watch?v=ztJVQ5m2HJ0&t=6171s
2025/11/27,忘れじの言の葉,未来古代楽団,https://www.youtube.com/watch?v=F5UykpTNtig&t=508s
2025/11/27,粉雪,レミオロメン,https://www.youtube.com/watch?v=F5UykpTNtig&t=1122s
2025/11/27,君はロックを聴かない,あいみょん,https://www.youtube.com/watch?v=F5UykpTNtig&t=1985s
2025/11/27,115万キロのフィルム,Official髭男dism,https://www.youtube.com/watch?v=F5UykpTNtig&t=2464s
2025/11/27,にじいろ,絢香,https://www.youtube.com/watch?v=F5UykpTNtig&t=2972s
2025/11/27,晴る,ヨルシカ,https://www.youtube.com/watch?v=F5UykpTNtig&t=3322s
2025/11/27,春泥棒,ヨルシカ,https://www.youtube.com/watch?v=F5UykpTNtig&t=3893s
2025/11/27,からくりピエロ,40mP,https://www.youtube.com/watch?v=F5UykpTNtig&t=4443s
2025/11/27,ロビンソン,スピッツ,https://www.youtube.com/watch?v=F5UykpTNtig&t=4942s
2025/11/27,波よせて,クラムボン,https://www.youtube.com/watch?v=F5UykpTNtig&t=5402s
2025/11/20,キラキラ,aiko,https://www.youtube.com/watch?v=i_SnEm2mm9A&t=866s
2025/11/20,春泥棒,ヨルシカ,https://www.youtube.com/watch?v=i_SnEm2mm9A&t=1668s
2025/11/20,回る空うさぎ,Orangestar,https://www.youtube.com/watch?v=i_SnEm2mm9A&t=2299s
2025/11/20,DAYBREAK FRONTLINE,Orangestar,https://www.youtube.com/watch?v=i_SnEm2mm9A&t=2769s
2025/11/20,白い恋人達,桑田佳祐,https://www.youtube.com/watch?v=i_SnEm2mm9A&t=3573s
2025/11/20,深海少女,ゆうゆ,https://www.youtube.com/watch?v=i_SnEm2mm9A&t=4334s
2025/11/20,憂一乗,ヨルシカ,https://www.youtube.com/watch?v=i_SnEm2mm9A&t=4844s
2025/07/17,from Y to Y,ジミーサムP,https://www.youtube.com/watch?v=t3KLCX64uG0&t=240s
2025/07/17,花に亡霊,ヨルシカ,https://www.youtube.com/watch?v=t3KLCX64uG0&t=531s
2025/07/17,シンデレラボーイ,Saucy Dog,https://www.youtube.com/watch?v=t3KLCX64uG0&t=1034s
2025/07/17,コンタクトケース,Saucy Dog,https://www.youtube.com/watch?v=t3KLCX64uG0&t=1333s
2025/07/17,空も飛べるはず,スピッツ,https://www.youtube.com/watch?v=t3KLCX64uG0&t=1753s
2025/07/17,魔法の絨毯,川崎鷹也,https://www.youtube.com/watch?v=t3KLCX64uG0&t=2181s
2025/07/17,ルージュの伝言,荒井由実,https://www.youtube.com/watch?v=t3KLCX64uG0&t=2525s
2025/07/17,美しい鰭,スピッツ,https://www.youtube.com/watch?v=t3KLCX64uG0&t=2857s
2025/07/17,めくる世界、めぐる歌,しゆ。,https://www.youtube.com/watch?v=t3KLCX64uG0&t=3297s
2024/08/07,美しい鰭,スピッツ,https://www.youtube.com/watch?v=UQWjGakRAZk&t=431s
2024/08/07,変わらないもの,奥華子,https://www.youtube.com/watch?v=UQWjGakRAZk&t=1343s
2024/08/07,あの夢をなぞって,YOASOBI,https://www.youtube.com/watch?v=UQWjGakRAZk&t=1779s
2024/08/07,ミックスナッツ,Official髭男dism,https://www.youtube.com/watch?v=UQWjGakRAZk&t=2166s
2024/08/07,アカツキの詩,スキマスイッチ,https://www.youtube.com/watch?v=UQWjGakRAZk&t=2857s
2024/08/07,アナタノオト,ランカ・リー＝中島愛,https://www.youtube.com/watch?v=UQWjGakRAZk&t=3298s
2024/08/07,シリウスの心臓,ヰ世界情緒,https://www.youtube.com/watch?v=UQWjGakRAZk&t=3553s
2024/08/07,忘れじの言の葉,未来古代楽団,https://www.youtube.com/watch?v=UQWjGakRAZk&t=3918s
2024/08/07,好きだから。,ユイカ,https://www.youtube.com/watch?v=UQWjGakRAZk&t=4384s
2024/08/06,ハロ／ハワユ,ナノウ,https://www.youtube.com/watch?v=OoWDWp6_FK8&t=632s
2024/08/06,アスノヨゾラ哨戒班,Orangestar,https://www.youtube.com/watch?v=OoWDWp6_FK8&t=1130s
2024/08/06,打上花火,DAOKO×米津玄師,https://www.youtube.com/watch?v=OoWDWp6_FK8&t=1476s
2024/08/06,月が綺麗,岩見拓馬,https://www.youtube.com/watch?v=OoWDWp6_FK8&t=1956s
2024/08/06,ベノム,かいりきベア,https://www.youtube.com/watch?v=OoWDWp6_FK8&t=2197s
2024/08/06,小さな恋のうた,MONGOL800,https://www.youtube.com/watch?v=OoWDWp6_FK8&t=2386s
2024/08/06,蝶々結び,Aimer,https://www.youtube.com/watch?v=OoWDWp6_FK8&t=2952s
2024/08/06,怪獣の花唄,Vaundy,https://www.youtube.com/watch?v=OoWDWp6_FK8&t=3512s
2024/08/06,366日,HY,https://www.youtube.com/watch?v=OoWDWp6_FK8&t=3971s
2024/08/06,115万キロのフィルム,Official髭男dism,https://www.youtube.com/watch?v=OoWDWp6_FK8&t=5177s
2024/08/06,シンデレラボーイ,Saucy Dog,https://www.youtube.com/watch?v=OoWDWp6_FK8&t=5621s
2025/01/30,コンタクトケース,Saucy Dog,https://www.youtube.com/watch?v=_x6X76xpIRY&t=2531s
2025/01/30,深海少女,ゆうゆ,https://www.youtube.com/watch?v=_x6X76xpIRY&t=3263s
2025/01/30,春泥棒,ヨルシカ,https://www.youtube.com/watch?v=_x6X76xpIRY&t=3697s
2025/01/30,晴る,ヨルシカ,https://www.youtube.com/watch?v=_x6X76xpIRY&t=4117s
2025/01/30,ヒッチコック,ヨルシカ,https://www.youtube.com/watch?v=_x6X76xpIRY&t=4534s
2025/01/30,パレード,ヨルシカ,https://www.youtube.com/watch?v=_x6X76xpIRY&t=4888s
2025/01/30,メロウ,須田景凪,https://www.youtube.com/watch?v=_x6X76xpIRY&t=5998s
2025/01/30,回る空うさぎ,Orangestar,https://www.youtube.com/watch?v=_x6X76xpIRY&t=6261s
2025/09/18,晴る,ヨルシカ,https://www.youtube.com/watch?v=2B270vN-kio&t=765s
2025/09/18,ベテルギウス,優里,https://www.youtube.com/watch?v=2B270vN-kio&t=1390s
2025/09/18,Slow & Easy,平井大,https://www.youtube.com/watch?v=2B270vN-kio&t=1872s
2025/09/18,わたがし,back number,https://www.youtube.com/watch?v=2B270vN-kio&t=2229s
2025/09/18,TSUNAMI,サザンオールスターズ,https://www.youtube.com/watch?v=2B270vN-kio&t=2591s
2025/09/18,恋におちて-Fall in Love-,小林明子,https://www.youtube.com/watch?v=2B270vN-kio&t=3230s
2025/09/18,真夏の果実,サザンオールスターズ,https://www.youtube.com/watch?v=2B270vN-kio&t=3458s
2025/09/18,希望の轍,サザンオールスターズ,https://www.youtube.com/watch?v=2B270vN-kio&t=3734s
2025/09/18,セプテンバーさん,RADWIMPS,https://www.youtube.com/watch?v=2B270vN-kio&t=4404s
2024/12/10,napori,Vaundy,https://www.youtube.com/watch?v=VUvX5HH_qYw&t=793s
2024/12/10,CHE.R.RY,YUI,https://www.youtube.com/watch?v=VUvX5HH_qYw&t=1136s
2024/12/10,さくらんぼ,大塚愛,https://www.youtube.com/watch?v=VUvX5HH_qYw&t=1466s
2024/12/10,ミックスナッツ,Official髭男dism,https://www.youtube.com/watch?v=VUvX5HH_qYw&t=2000s
2024/12/10,晴る,ヨルシカ,https://www.youtube.com/watch?v=VUvX5HH_qYw&t=2234s
2024/12/10,シリウスの心臓,ヰ世界情緒,https://www.youtube.com/watch?v=VUvX5HH_qYw&t=2727s
2024/12/10,heavenly days,新垣結衣,https://www.youtube.com/watch?v=VUvX5HH_qYw&t=3226s
2024/12/10,真赤,My Hair is Bad,https://www.youtube.com/watch?v=VUvX5HH_qYw&t=3685s
2024/12/10,HANABI,Mr.Children,https://www.youtube.com/watch?v=VUvX5HH_qYw&t=4403s
2024/12/10,Tomorrow Never Knows,Mr.Children,https://www.youtube.com/watch?v=VUvX5HH_qYw&t=4924s
2024/12/10,だんご大家族,茶太,https://www.youtube.com/watch?v=VUvX5HH_qYw&t=5145s
2024/12/10,時を刻む唄,Lia,https://www.youtube.com/watch?v=VUvX5HH_qYw&t=5592s
2024/12/10,小さなてのひら,Lia,https://www.youtube.com/watch?v=VUvX5HH_qYw&t=5851s
2024/12/10,シリウスの心臓,ヰ世界情緒,https://www.youtube.com/watch?v=VUvX5HH_qYw&t=2638s
2024/12/10,真っ赤,My Hair is Bad,https://www.youtube.com/watch?v=VUvX5HH_qYw&t=3688s
2024/12/10,だんご大家族,茶太,https://www.youtube.com/watch?v=VUvX5HH_qYw&t=5175s
2025/12/18,ノーチラス,ヨルシカ,https://www.youtube.com/watch?v=VdPRft5DtZY&t=433s
2025/12/18,春泥棒,ヨルシカ,https://www.youtube.com/watch?v=VdPRft5DtZY&t=760s
2025/12/18,ヒッチコック,ヨルシカ,https://www.youtube.com/watch?v=VdPRft5DtZY&t=1160s
2025/12/18,パレード,ヨルシカ,https://www.youtube.com/watch?v=VdPRft5DtZY&t=1352s
2025/12/18,斜陽,ヨルシカ,https://www.youtube.com/watch?v=VdPRft5DtZY&t=1814s
2025/12/18,憂一乗,ヨルシカ,https://www.youtube.com/watch?v=VdPRft5DtZY&t=2163s
2025/12/18,晴る,ヨルシカ,https://www.youtube.com/watch?v=VdPRft5DtZY&t=2635s
2025/12/18,花に亡霊,ヨルシカ,https://www.youtube.com/watch?v=VdPRft5DtZY&t=3121s
2025/07/10,カタオモイ,Aimer,https://www.youtube.com/watch?v=s3TtD6R-o-0&t=472s
2025/07/10,ヒッチコック,ヨルシカ,https://www.youtube.com/watch?v=s3TtD6R-o-0&t=1056s
2025/07/10,ノーチラス,ヨルシカ,https://www.youtube.com/watch?v=s3TtD6R-o-0&t=1265s
2025/07/10,ライラック,Mrs.GREEN APPLE,https://www.youtube.com/watch?v=s3TtD6R-o-0&t=1730s
2025/07/10,パズルガール,とあ,https://www.youtube.com/watch?v=s3TtD6R-o-0&t=1962s
2025/07/10,少女レイ,みきとP,https://www.youtube.com/watch?v=s3TtD6R-o-0&t=2485s
2025/07/10,ロビンソン,スピッツ,https://www.youtube.com/watch?v=s3TtD6R-o-0&t=2877s
2025/07/10,ロマンスの約束,幾田りら,https://www.youtube.com/watch?v=s3TtD6R-o-0&t=3533s
2025/07/10,ドライフラワー,優里,https://www.youtube.com/watch?v=s3TtD6R-o-0&t=3800s
2025/07/10,星間飛行,ランカ・リー＝中島愛,https://www.youtube.com/watch?v=s3TtD6R-o-0&t=4397s
2025/07/10,めくる世界、めぐる歌,しゆ。,https://www.youtube.com/watch?v=s3TtD6R-o-0&t=4666s
2024/09/24,突撃ラブハート,FIRE BOMBER,https://www.youtube.com/watch?v=YOxq3x0HPfk&t=490s
2024/09/24,僕らの戦場,ワルキューレ,https://www.youtube.com/watch?v=YOxq3x0HPfk&t=875s
2024/09/24,ルンがピカッと光ったら,ワルキューレ,https://www.youtube.com/watch?v=YOxq3x0HPfk&t=1265s
2024/09/24,星座になれたら,結束バンド,https://www.youtube.com/watch?v=YOxq3x0HPfk&t=1748s
2024/09/24,パジャマパーティーズのうた,パジャマパーティーズ,https://www.youtube.com/watch?v=YOxq3x0HPfk&t=2207s
2024/09/24,ひとりごつ,ハチワレ,https://www.youtube.com/watch?v=YOxq3x0HPfk&t=2254s
2024/09/24,ミックスナッツ,Official髭男dism,https://www.youtube.com/watch?v=YOxq3x0HPfk&t=2523s
2024/09/24,葛飾ラプソディー,堂島孝平,https://www.youtube.com/watch?v=YOxq3x0HPfk&t=2905s
2024/09/24,小悪魔だってかまわない！,HoneyWorks,https://www.youtube.com/watch?v=YOxq3x0HPfk&t=3581s
2024/09/24,やさしさに包まれたなら,荒井由実,https://www.youtube.com/watch?v=YOxq3x0HPfk&t=3831s
2024/09/24,パジャマパーティーズのうた,パジャマパーティーズ,https://www.youtube.com/watch?v=YOxq3x0HPfk&t=2207s
2025/04/30,儚くない,SUPER BEAVER,https://www.youtube.com/watch?v=OkjCUVXWCCI&t=389s
2025/04/30,マリーゴールド,あいみょん,https://www.youtube.com/watch?v=OkjCUVXWCCI&t=901s
2025/04/30,aimai,瀬名航,https://www.youtube.com/watch?v=OkjCUVXWCCI&t=1380s
2025/04/30,ひとり旅,瀬名航,https://www.youtube.com/watch?v=OkjCUVXWCCI&t=1845s
2025/04/30,すきなうた,yui × 锁那,https://www.youtube.com/watch?v=OkjCUVXWCCI&t=2211s
2025/04/30,シュテルン,锁那,https://www.youtube.com/watch?v=OkjCUVXWCCI&t=2373s
2025/04/30,アイモ,ランカ・リー＝中島愛,https://www.youtube.com/watch?v=OkjCUVXWCCI&t=2782s
2025/04/30,放課後オーバーフロウ,ランカ・リー＝中島愛,https://www.youtube.com/watch?v=OkjCUVXWCCI&t=3050s
2025/04/30,ホシキラ,ランカ・リー＝中島愛,https://www.youtube.com/watch?v=OkjCUVXWCCI&t=3357s
2025/03/27,雨き声残響,Orangestar,https://www.youtube.com/watch?v=Yl2quH9H6Ec&t=604s
2025/03/27,from Y to Y,ジミーサムP,https://www.youtube.com/watch?v=Yl2quH9H6Ec&t=787s
2025/03/27,憂一乗,ヨルシカ,https://www.youtube.com/watch?v=Yl2quH9H6Ec&t=1257s
2025/03/27,雨とカプチーノ,ヨルシカ,https://www.youtube.com/watch?v=Yl2quH9H6Ec&t=1660s
2025/03/27,ベテルギウス,優里,https://www.youtube.com/watch?v=Yl2quH9H6Ec&t=1975s
2025/03/27,ハルノヒ,あいみょん,https://www.youtube.com/watch?v=Yl2quH9H6Ec&t=2429s
2025/03/27,赤い糸,コブクロ,https://www.youtube.com/watch?v=Yl2quH9H6Ec&t=3141s
2025/03/27,Stand By Me,Ben E. King,https://www.youtube.com/watch?v=Yl2quH9H6Ec&t=3939s
2025/03/27,葛飾ラプソディー,堂島孝平,https://www.youtube.com/watch?v=Yl2quH9H6Ec&t=4296s
2025/03/27,またねがあれば,risou,https://www.youtube.com/watch?v=Yl2quH9H6Ec&t=4942s
2025/03/27,春風,Rihwa,https://www.youtube.com/watch?v=Yl2quH9H6Ec&t=5586s
2025/02/04,Rain,秦基博,https://www.youtube.com/watch?v=7DZJO-nZ8xU&t=603s
2025/02/04,ひまわりの約束,秦基博,https://www.youtube.com/watch?v=7DZJO-nZ8xU&t=1090s
2025/02/04,またねがあれば,ちんまりP,https://www.youtube.com/watch?v=7DZJO-nZ8xU&t=1915s
2025/02/04,アイロニ,すこっぷ,https://www.youtube.com/watch?v=7DZJO-nZ8xU&t=2631s
2025/02/04,夏恋花火,40mP,https://www.youtube.com/watch?v=7DZJO-nZ8xU&t=3034s
2025/02/04,僕らしさ,『ユイカ』,https://www.youtube.com/watch?v=7DZJO-nZ8xU&t=3557s
2025/02/04,全力少年,スキマスイッチ,https://www.youtube.com/watch?v=7DZJO-nZ8xU&t=3913s
2025/02/04,若者のすべて,フジファブリック,https://www.youtube.com/watch?v=7DZJO-nZ8xU&t=4266s
2025/10/18,明日晴れるかな,桑田佳祐,https://www.youtube.com/watch?v=qhEWKfVia7k&t=601s
2025/10/18,あなたが知らない貴方のうた,『ユイカ』,https://www.youtube.com/watch?v=qhEWKfVia7k&t=1117s
2025/10/18,美しい鰭,スピッツ,https://www.youtube.com/watch?v=qhEWKfVia7k&t=1586s
2025/10/18,星座になれたら,結束バンド,https://www.youtube.com/watch?v=qhEWKfVia7k&t=2294s
2025/10/18,チノカテ,ヨルシカ,https://www.youtube.com/watch?v=qhEWKfVia7k&t=2725s
2025/10/18,変わらないもの,奥華子,https://www.youtube.com/watch?v=qhEWKfVia7k&t=3172s
2025/10/18,星間飛行,ランカ・リー＝中島愛,https://www.youtube.com/watch?v=qhEWKfVia7k&t=3570s
2025/10/18,Happiness,Che'Nelle,https://www.youtube.com/watch?v=qhEWKfVia7k&t=4237s
2025/10/18,恋人ごっこ,マカロニえんぴつ,https://www.youtube.com/watch?v=qhEWKfVia7k&t=4866s
2025/10/18,君は薔薇より美しい,布施明,https://www.youtube.com/watch?v=qhEWKfVia7k&t=5650s
2025/08/27,水流のロック,日食なつこ,https://www.youtube.com/watch?v=i8YL3Nt6rxU&t=363s
2025/08/27,くりてぃかる♡ぷりちー,iLiFE!,https://www.youtube.com/watch?v=i8YL3Nt6rxU&t=648s
2025/08/27,超最強,超ときめき♡宣伝部,https://www.youtube.com/watch?v=i8YL3Nt6rxU&t=825s
2025/08/27,倍倍FIGHT!,CANDY TUNE,https://www.youtube.com/watch?v=i8YL3Nt6rxU&t=956s
2025/08/27,晴る,ヨルシカ,https://www.youtube.com/watch?v=i8YL3Nt6rxU&t=1376s
2025/08/27,粉雪,レミオロメン,https://www.youtube.com/watch?v=i8YL3Nt6rxU&t=1752s
2025/08/27,ミックスナッツ,Official髭男dism,https://www.youtube.com/watch?v=i8YL3Nt6rxU&t=2292s
2025/08/27,タッチ,岩崎良美,https://www.youtube.com/watch?v=i8YL3Nt6rxU&t=2559s
2025/08/27,忘れじの言の葉,未来古代楽団,https://www.youtube.com/watch?v=i8YL3Nt6rxU&t=2965s
2025/08/27,Blue Jeans,HANA,https://www.youtube.com/watch?v=i8YL3Nt6rxU&t=3456s
2025/08/27,First Love,宇多田ヒカル,https://www.youtube.com/watch?v=i8YL3Nt6rxU&t=3741s
2025/08/27,たばこ,コレサワ,https://www.youtube.com/watch?v=i8YL3Nt6rxU&t=4420s
2025/08/27,高嶺の花子さん,back number,https://www.youtube.com/watch?v=i8YL3Nt6rxU&t=5003s
2025/08/27,白い恋人達,桑田佳祐,https://www.youtube.com/watch?v=i8YL3Nt6rxU&t=5577s
2025/08/27,you,癒月,https://www.youtube.com/watch?v=i8YL3Nt6rxU&t=6508s
2025/08/27,めくる世界、めぐる歌,しゆ。,https://www.youtube.com/watch?v=i8YL3Nt6rxU&t=6895s
2024/06/29,カントリー・ロード,本名陽子,https://www.youtube.com/watch?v=sry7K7eQPjQ&t=594s
2024/06/29,ルージュの伝言,松任谷由実,https://www.youtube.com/watch?v=sry7K7eQPjQ&t=925s
2024/06/29,風になる,つじあやの,https://www.youtube.com/watch?v=sry7K7eQPjQ&t=1225s
2024/06/29,やさしさに包まれたなら,松任谷由実,https://www.youtube.com/watch?v=sry7K7eQPjQ&t=1666s
2024/06/29,負けないで,ZARD,https://www.youtube.com/watch?v=sry7K7eQPjQ&t=2070s
2024/06/29,明日への扉,I WiSH,https://www.youtube.com/watch?v=sry7K7eQPjQ&t=2471s
2024/06/29,マリーゴールド,あいみょん,https://www.youtube.com/watch?v=sry7K7eQPjQ&t=2919s
2024/06/29,キラキラ,aiko,https://www.youtube.com/watch?v=sry7K7eQPjQ&t=3423s
2024/06/29,青のすみか,キタニタツヤ,https://www.youtube.com/watch?v=sry7K7eQPjQ&t=3813s
2024/06/29,Happiness,シェネル,https://www.youtube.com/watch?v=sry7K7eQPjQ&t=4055s
2024/06/29,愛をこめて花束を,Superfly,https://www.youtube.com/watch?v=sry7K7eQPjQ&t=4568s
2024/06/29,青と夏,Mrs. GREEN APPLE,https://www.youtube.com/watch?v=sry7K7eQPjQ&t=5415s
2024/06/29,晴る,ヨルシカ,https://www.youtube.com/watch?v=sry7K7eQPjQ&t=5646s
2024/06/29,僕らの戦場,ワルキューレ,https://www.youtube.com/watch?v=sry7K7eQPjQ&t=6059s
2024/06/29,一度だけの恋なら,ワルキューレ,https://www.youtube.com/watch?v=sry7K7eQPjQ&t=6593s
2025/08/02,希望の轍,サザンオールスターズ,https://www.youtube.com/watch?v=Lso5UEvlJ9U&t=752s
2025/08/02,青いベンチ,サスケ,https://www.youtube.com/watch?v=Lso5UEvlJ9U&t=1183s
2025/08/02,Alchemy,Girls Dead Monster,https://www.youtube.com/watch?v=Lso5UEvlJ9U&t=1533s
2025/08/02,"My Soul,Your Beats!",Lia,https://www.youtube.com/watch?v=Lso5UEvlJ9U&t=1933s
2025/08/02,晩餐歌,tuki.,https://www.youtube.com/watch?v=Lso5UEvlJ9U&t=2428s
2025/08/02,真赤,My Hair is Bad,https://www.youtube.com/watch?v=Lso5UEvlJ9U&t=2777s
2025/08/02,アナタノオト,ランカ・リー＝中島愛,https://www.youtube.com/watch?v=Lso5UEvlJ9U&t=3128s
2025/08/02,ニンジーン Loves you yeah!,ランカ・リー＝中島愛,https://www.youtube.com/watch?v=Lso5UEvlJ9U&t=3452s
2025/08/02,転がる岩、君に朝が降る,ASIAN KUNG-FU GENERATION,https://www.youtube.com/watch?v=Lso5UEvlJ9U&t=3666s
2025/08/02,愛をこめて花束を,Superfly,https://www.youtube.com/watch?v=Lso5UEvlJ9U&t=4024s
2025/08/02,残酷な天使のテーゼ,高橋洋子,https://www.youtube.com/watch?v=Lso5UEvlJ9U&t=4380s
2025/08/02,星座になれたら,結束バンド,https://www.youtube.com/watch?v=Lso5UEvlJ9U&t=4804s
2025/01/19,ドライフラワー,優里,https://www.youtube.com/watch?v=foPY0Y55oNc&t=292s
2025/01/19,そっけない,RADWIMPS,https://www.youtube.com/watch?v=foPY0Y55oNc&t=708s
2025/01/19,儚くない,SUPER BEAVER,https://www.youtube.com/watch?v=foPY0Y55oNc&t=1280s
2025/01/19,水流のロック,日食なつこ,https://www.youtube.com/watch?v=foPY0Y55oNc&t=1901s
2025/01/19,GIRAFFE BLUES,ワルキューレ,https://www.youtube.com/watch?v=foPY0Y55oNc&t=2396s
2025/01/19,世界は恋に落ちている,CHiCO with HoneyWorks,https://www.youtube.com/watch?v=foPY0Y55oNc&t=2811s
2025/01/19,回る空うさぎ,Orangestar,https://www.youtube.com/watch?v=foPY0Y55oNc&t=3707s
2025/01/19,世界は恋に落ちている,CHiCO with HoneyWorks,https://www.youtube.com/watch?v=foPY0Y55oNc&t=3271s
2025/12/25,Snow halation,μ's,https://www.youtube.com/watch?v=ivqjFMhViss&t=477s
2025/12/25,ロマンスの神様,広瀬香美,https://www.youtube.com/watch?v=ivqjFMhViss&t=1130s
2025/12/25,雪の華,中島美嘉,https://www.youtube.com/watch?v=ivqjFMhViss&t=1337s
2025/12/25,好き！雪！本気マジック,Mitchie M,https://www.youtube.com/watch?v=ivqjFMhViss&t=1888s
2025/12/25,メリクリ,BoA,https://www.youtube.com/watch?v=ivqjFMhViss&t=2177s
2025/12/25,きよしこの夜,クリスマスソング,https://www.youtube.com/watch?v=ivqjFMhViss&t=2381s
2025/12/25,白い恋人達,桑田佳祐,https://www.youtube.com/watch?v=ivqjFMhViss&t=2889s
2025/12/25,夜行,ヨルシカ,https://www.youtube.com/watch?v=ivqjFMhViss&t=3617s
2025/12/25,憂一乗,ヨルシカ,https://www.youtube.com/watch?v=ivqjFMhViss&t=3823s
2025/12/25,世界中の誰よりきっと,中山美穂 & WANDS,https://www.youtube.com/watch?v=ivqjFMhViss&t=4271s
2025/12/25,クリスマスソング,back number,https://www.youtube.com/watch?v=ivqjFMhViss&t=4465s
2025/12/25,ヒロイン,back number,https://www.youtube.com/watch?v=ivqjFMhViss&t=4632s
2025/12/25,ヒロインたるもの！,HoneyWorks,https://www.youtube.com/watch?v=ivqjFMhViss&t=4798s
2025/12/25,粉雪,レミオロメン,https://www.youtube.com/watch?v=ivqjFMhViss&t=5101s
2025/12/25,DAYBREAK FRONTLINE,Orangestar,https://www.youtube.com/watch?v=ivqjFMhViss&t=5608s
2025/12/25,カタオモイ,Aimer,https://www.youtube.com/watch?v=ivqjFMhViss&t=5947s
2025/12/25,めくる世界、めぐる歌,しゆ。,https://www.youtube.com/watch?v=ivqjFMhViss&t=6375s
2025/08/17,SUMMER SONG,YUI,https://www.youtube.com/watch?v=pj0-X7uJ--s&t=1571s
2025/08/17,ガーネット,奥華子,https://www.youtube.com/watch?v=pj0-X7uJ--s&t=1931s
2025/08/17,secret base ～君がくれたもの～,ZONE,https://www.youtube.com/watch?v=pj0-X7uJ--s&t=2921s
2025/08/17,YUME日和,島谷ひとみ,https://www.youtube.com/watch?v=pj0-X7uJ--s&t=3438s
2025/08/17,晩餐歌,tuki.,https://www.youtube.com/watch?v=pj0-X7uJ--s&t=3707s
2025/08/17,気まぐれロマンティック,いきものがかり,https://www.youtube.com/watch?v=pj0-X7uJ--s&t=4659s
2025/08/17,愛をこめて花束を,Superfly,https://www.youtube.com/watch?v=pj0-X7uJ--s&t=4827s
2025/08/17,テルーの唄,手嶌葵,https://www.youtube.com/watch?v=pj0-X7uJ--s&t=5024s
2025/08/17,涙サプライズ！,AKB48,https://www.youtube.com/watch?v=pj0-X7uJ--s&t=5472s
2025/08/17,粉雪,レミオロメン,https://www.youtube.com/watch?v=pj0-X7uJ--s&t=5920s
2025/08/17,若者のすべて,フジファブリック,https://www.youtube.com/watch?v=pj0-X7uJ--s&t=6419s
2025/08/17,よくできました◎,莉犬,https://www.youtube.com/watch?v=pj0-X7uJ--s&t=6924s
2025/08/17,アイデンティティ,Kanaria,https://www.youtube.com/watch?v=pj0-X7uJ--s&t=7509s
2025/08/17,変わらないもの,奥華子,https://www.youtube.com/watch?v=pj0-X7uJ--s&t=7751s
2025/08/17,カタオモイ,Aimer,https://www.youtube.com/watch?v=pj0-X7uJ--s&t=8353s
2025/08/17,浮気されたけどまだ好きって曲。,りりあ。,https://www.youtube.com/watch?v=pj0-X7uJ--s&t=8891s
2025/08/17,君はロックを聴かない,あいみょん,https://www.youtube.com/watch?v=pj0-X7uJ--s&t=9565s
2025/08/17,夏祭り,Whiteberry,https://www.youtube.com/watch?v=pj0-X7uJ--s&t=9989s
2025/08/17,あの娘シークレット,Eve,https://www.youtube.com/watch?v=pj0-X7uJ--s&t=10185s
2025/08/17,マリーゴールド,あいみょん,https://www.youtube.com/watch?v=pj0-X7uJ--s&t=10455s
2025/08/17,ハナミズキ,一青窈,https://www.youtube.com/watch?v=pj0-X7uJ--s&t=10983s
2025/08/17,斜陽,ヨルシカ,https://www.youtube.com/watch?v=pj0-X7uJ--s&t=12335s
2025/08/17,真夏の果実,サザンオールスターズ,https://www.youtube.com/watch?v=pj0-X7uJ--s&t=13510s
2025/08/17,TSUNAMI,サザンオールスターズ,https://www.youtube.com/watch?v=pj0-X7uJ--s&t=13817s
2025/08/17,嘘月,ヨルシカ,https://www.youtube.com/watch?v=pj0-X7uJ--s&t=14380s
2025/08/17,恋愛サーキュレーション,千石撫子,https://www.youtube.com/watch?v=pj0-X7uJ--s&t=14908s
2025/08/17,ロビンソン,スピッツ,https://www.youtube.com/watch?v=pj0-X7uJ--s&t=15462s
2025/08/17,君と夏フェス,SHISHAMO,https://www.youtube.com/watch?v=pj0-X7uJ--s&t=15923s
2025/08/17,可愛くなりたい,HoneyWorks,https://www.youtube.com/watch?v=pj0-X7uJ--s&t=16890s
2025/08/17,夢をかなえてドラえもん,mao,https://www.youtube.com/watch?v=pj0-X7uJ--s&t=17465s
2024/07/31,怪獣の花唄,Vaundy,https://www.youtube.com/watch?v=8luVdhhy_w0&t=2624s
2024/07/31,全力少年,スキマスイッチ,https://www.youtube.com/watch?v=8luVdhhy_w0&t=3071s
2024/07/31,ハレ晴レユカイ,ロシデレ,https://www.youtube.com/watch?v=8luVdhhy_w0&t=3533s
2024/07/31,銀色の空,redballoon,https://www.youtube.com/watch?v=8luVdhhy_w0&t=4048s
2024/07/31,海少女,ゆうゆ,https://www.youtube.com/watch?v=8luVdhhy_w0&t=4833s
2024/07/31,トウキョウ・シャンディ・ランデヴ,MAISONdes,https://www.youtube.com/watch?v=8luVdhhy_w0&t=5229s
2024/07/31,別の人の彼女になったよ,wacci,https://www.youtube.com/watch?v=8luVdhhy_w0&t=5680s
2024/07/31,sleep sleep feat. さとうもか,ぜったくん,https://www.youtube.com/watch?v=8luVdhhy_w0&t=6146s
2025/05/15,丸の内サディスティック,椎名林檎,https://www.youtube.com/watch?v=JLz78Vo1Nv4&t=507s
2025/05/15,転がる岩、君に朝が降る,ASIAN KUNG-FU GENERATION,https://www.youtube.com/watch?v=JLz78Vo1Nv4&t=956s
2025/05/15,星座になれたら,結束バンド,https://www.youtube.com/watch?v=JLz78Vo1Nv4&t=1330s
2025/05/15,あんたなんて。,りりあ。,https://www.youtube.com/watch?v=JLz78Vo1Nv4&t=1721s
2025/05/15,希望の轍,サザンオールスターズ,https://www.youtube.com/watch?v=JLz78Vo1Nv4&t=2240s
2025/05/15,TSUNAMI,サザンオールスターズ,https://www.youtube.com/watch?v=JLz78Vo1Nv4&t=2733s
2025/03/20,憂一乗,ヨルシカ,https://www.youtube.com/watch?v=r62xim-GCbE&t=331s
2025/03/20,怪獣,サカナクション,https://www.youtube.com/watch?v=r62xim-GCbE&t=800s
2025/03/20,怪獣の花唄,Vaundy,https://www.youtube.com/watch?v=r62xim-GCbE&t=1165s
2025/03/20,ひこうき雲,荒井由実,https://www.youtube.com/watch?v=r62xim-GCbE&t=1588s
2025/03/20,テルーの唄,手嶌葵,https://www.youtube.com/watch?v=r62xim-GCbE&t=1887s
2025/03/20,いのちの名前,木村弓,https://www.youtube.com/watch?v=r62xim-GCbE&t=2304s
2025/03/20,風になる,つじあやの,https://www.youtube.com/watch?v=r62xim-GCbE&t=2793s
2025/03/20,あの夢をなぞって,YOASOBI,https://www.youtube.com/watch?v=r62xim-GCbE&t=3188s
2025/03/20,月が綺麗,岩見拓馬,https://www.youtube.com/watch?v=r62xim-GCbE&t=3460s
2025/03/20,恋愛サーキュレーション,千石撫子,https://www.youtube.com/watch?v=r62xim-GCbE&t=3627s
2025/03/20,たばこ,コレサワ,https://www.youtube.com/watch?v=r62xim-GCbE&t=4043s
2025/03/20,magnet,minato,https://www.youtube.com/watch?v=r62xim-GCbE&t=4767s
2025/03/20,さくら,森山直太朗,https://www.youtube.com/watch?v=r62xim-GCbE&t=5020s
2025/03/20,晴る,ヨルシカ,https://www.youtube.com/watch?v=r62xim-GCbE&t=5352s
2025/03/20,希望の轍,サザンオールスターズ,https://www.youtube.com/watch?v=r62xim-GCbE&t=5833s
2025/03/20,水流のロック,日食なつこ,https://www.youtube.com/watch?v=r62xim-GCbE&t=6215s
2025/02/20,T.A.O.,洛天依,https://www.youtube.com/watch?v=wp_Dv9iV6Ts&t=579s
2025/02/20,明日晴れるかな,桑田佳祐,https://www.youtube.com/watch?v=wp_Dv9iV6Ts&t=1046s
2025/02/20,夏恋花火,40mP,https://www.youtube.com/watch?v=wp_Dv9iV6Ts&t=1875s
2025/02/20,晩餐歌,tuki.,https://www.youtube.com/watch?v=wp_Dv9iV6Ts&t=2539s
2025/02/20,シンデレラボーイ,Saucy Dog,https://www.youtube.com/watch?v=wp_Dv9iV6Ts&t=3079s
2025/02/20,ベテルギウス,優里,https://www.youtube.com/watch?v=wp_Dv9iV6Ts&t=3570s
2025/02/20,スマイル,森七菜,https://www.youtube.com/watch?v=wp_Dv9iV6Ts&t=3919s
2025/02/20,曇天,DOES,https://www.youtube.com/watch?v=wp_Dv9iV6Ts&t=4385s
2025/02/20,コネクト,ClariS,https://www.youtube.com/watch?v=wp_Dv9iV6Ts&t=4848s
2025/02/20,夜明けと蛍,n-buna,https://www.youtube.com/watch?v=wp_Dv9iV6Ts&t=5248s
2025/02/20,3月9日,レミオロメン,https://www.youtube.com/watch?v=wp_Dv9iV6Ts&t=5591s
2024/06/13,美しい鰭,スピッツ,https://www.youtube.com/watch?v=1z7I6XLRpZA&t=752s
2024/06/13,若者のすべて,フジファブリック,https://www.youtube.com/watch?v=1z7I6XLRpZA&t=1287s
2024/06/13,あの夢をなぞって,YOASOBI,https://www.youtube.com/watch?v=1z7I6XLRpZA&t=2494s
2024/06/13,チノカテ,ヨルシカ,https://www.youtube.com/watch?v=1z7I6XLRpZA&t=3197s
2024/06/13,春泥棒,ヨルシカ,https://www.youtube.com/watch?v=1z7I6XLRpZA&t=3801s
2024/06/13,変わらないもの,奥華子,https://www.youtube.com/watch?v=1z7I6XLRpZA&t=4565s
2024/06/13,夜もすがら君想ふ,TOKOTOKO,https://www.youtube.com/watch?v=1z7I6XLRpZA&t=5276s
2024/06/13,星間飛行,ランカ・リー＝中島愛,https://www.youtube.com/watch?v=1z7I6XLRpZA&t=5747s
2024/06/13,星座になれたら,結束バンド,https://www.youtube.com/watch?v=1z7I6XLRpZA&t=6322s
2024/06/13,よくできました◎,莉犬,https://www.youtube.com/watch?v=1z7I6XLRpZA&t=6899s
2024/06/13,晴る,ヨルシカ,https://www.youtube.com/watch?v=1z7I6XLRpZA&t=7366s
2024/08/28,Tomorrow never knows,Mr.Children,https://www.youtube.com/watch?v=fAM_S0Je5T4&t=547s
2024/08/28,HANABI,Mr.Children,https://www.youtube.com/watch?v=fAM_S0Je5T4&t=1152s
2024/08/28,Lukewarm,さとうもか,https://www.youtube.com/watch?v=fAM_S0Je5T4&t=1878s
2024/08/28,ワガママ,Nissy,https://www.youtube.com/watch?v=fAM_S0Je5T4&t=2130s
2024/08/28,千の夜をこえて,Aqua Timez,https://www.youtube.com/watch?v=fAM_S0Je5T4&t=2665s
2024/08/28,アゲハ蝶,ポルノグラフィティ,https://www.youtube.com/watch?v=fAM_S0Je5T4&t=3020s
2024/08/28,星座になれたら,結束バンド,https://www.youtube.com/watch?v=fAM_S0Je5T4&t=3522s
2024/08/28,サウダージ,ポルノグラフィティ,https://www.youtube.com/watch?v=fAM_S0Je5T4&t=3997s
2024/08/28,さくらんぼ,大塚愛,https://www.youtube.com/watch?v=fAM_S0Je5T4&t=4562s
2024/08/28,PEACH,大塚愛,https://www.youtube.com/watch?v=fAM_S0Je5T4&t=5031s
2024/08/28,キラキラ,aiko,https://www.youtube.com/watch?v=fAM_S0Je5T4&t=5250s
2024/08/28,KissHug,aiko,https://www.youtube.com/watch?v=fAM_S0Je5T4&t=5744s
2025/08/28,儚くない,SUPER BEAVER,https://www.youtube.com/watch?v=BaFti__g8ZM&t=302s
2025/08/28,またねがあれば,risou,https://www.youtube.com/watch?v=BaFti__g8ZM&t=775s
2025/08/28,366日,HY,https://www.youtube.com/watch?v=BaFti__g8ZM&t=1207s
2025/08/28,転がる岩、君に朝が降る,ASIAN KUNG-FU GENERATION,https://www.youtube.com/watch?v=BaFti__g8ZM&t=1696s
2025/08/28,Alchemy,Girls Dead Monster,https://www.youtube.com/watch?v=BaFti__g8ZM&t=2150s
2025/08/28,summertime,cinnamons × evening cinema,https://www.youtube.com/watch?v=BaFti__g8ZM&t=2553s
2025/08/28,TSUNAMI,サザンオールスターズ,https://www.youtube.com/watch?v=BaFti__g8ZM&t=2963s
2025/08/28,憂一乗,ヨルシカ,https://www.youtube.com/watch?v=BaFti__g8ZM&t=3516s
2025/08/28,曇天,DOES,https://www.youtube.com/watch?v=BaFti__g8ZM&t=4127s
2025/08/28,3月9日,レミオロメン,https://www.youtube.com/watch?v=BaFti__g8ZM&t=4594s
2025/08/28,115万キロのフィルム,Official髭男dism,https://www.youtube.com/watch?v=BaFti__g8ZM&t=5034s
2025/08/28,Happiness,Che'Nelle,https://www.youtube.com/watch?v=BaFti__g8ZM&t=5309s
2025/08/28,だから僕は音楽を辞めた,ヨルシカ,https://www.youtube.com/watch?v=BaFti__g8ZM&t=3919s
2024/08/01,チノカテ,ヨルシカ,https://www.youtube.com/watch?v=gd-QR8E-_r4&t=554s
2024/08/01,明日への扉,I WiSH,https://www.youtube.com/watch?v=gd-QR8E-_r4&t=1092s
2024/08/01,夏恋花火,40mP,https://www.youtube.com/watch?v=gd-QR8E-_r4&t=1525s
2024/08/01,からくりピエロ,40mP,https://www.youtube.com/watch?v=gd-QR8E-_r4&t=2030s
2024/08/01,いつも何度でも,木村弓,https://www.youtube.com/watch?v=gd-QR8E-_r4&t=2398s
2024/08/01,突撃ラブハート,FIRE BOMBER,https://www.youtube.com/watch?v=gd-QR8E-_r4&t=2617s
2024/08/01,キセキ,GReeeeN,https://www.youtube.com/watch?v=gd-QR8E-_r4&t=3009s
2024/08/01,ふわふわ時間,放課後ティータイム,https://www.youtube.com/watch?v=gd-QR8E-_r4&t=3400s
2024/08/01,Dont saylazy,桜高軽音部,https://www.youtube.com/watch?v=gd-QR8E-_r4&t=3604s
2024/08/01,GIRAFFE BLUES,ワルキューレ,https://www.youtube.com/watch?v=gd-QR8E-_r4&t=3983s
2024/08/01,Meteor-ミーティア-,T.M.Revolution,https://www.youtube.com/watch?v=gd-QR8E-_r4&t=4403s
2024/08/01,シンデレラボーイ,Saucy Dog,https://www.youtube.com/watch?v=gd-QR8E-_r4&t=4804s
2024/08/01,ひとり旅,瀬名航,https://www.youtube.com/watch?v=gd-QR8E-_r4&t=5235s
2025/03/28,閃光少女,東京事変,https://www.youtube.com/watch?v=pQM2Y_Jm89s&t=471s
2025/03/28,アスノヨゾラ哨戒班,Orangestar,https://www.youtube.com/watch?v=pQM2Y_Jm89s&t=831s
2025/03/28,回る空うさぎ,Orangestar,https://www.youtube.com/watch?v=pQM2Y_Jm89s&t=1196s
2025/03/28,忘れじの言の葉,未来古代楽団,https://www.youtube.com/watch?v=pQM2Y_Jm89s&t=1497s
2025/03/28,ただ君に晴れ,ヨルシカ,https://www.youtube.com/watch?v=pQM2Y_Jm89s&t=2071s
2025/03/28,チノカテ,ヨルシカ,https://www.youtube.com/watch?v=pQM2Y_Jm89s&t=2470s
2025/03/28,春泥棒,ヨルシカ,https://www.youtube.com/watch?v=pQM2Y_Jm89s&t=2850s
2025/03/28,さようなら、花泥棒さん,メル,https://www.youtube.com/watch?v=pQM2Y_Jm89s&t=3420s
2025/03/28,あの夢をなぞって,YOASOBI,https://www.youtube.com/watch?v=pQM2Y_Jm89s&t=4072s
2025/03/28,晴る,ヨルシカ,https://www.youtube.com/watch?v=pQM2Y_Jm89s&t=4372s
2025/03/28,魔法の絨毯,川崎鷹也,https://www.youtube.com/watch?v=pQM2Y_Jm89s&t=4831s
2025/03/28,さくら,森山直太朗,https://www.youtube.com/watch?v=pQM2Y_Jm89s&t=5212s
2025/03/28,シンデレラボーイ,Saucy Dog,https://www.youtube.com/watch?v=pQM2Y_Jm89s&t=5448s
2025/12/11,ベテルギウス,優里,https://www.youtube.com/watch?v=9AGnMmKUH6g&t=974s
2025/12/11,忘れじの言の葉,未来古代楽団,https://www.youtube.com/watch?v=9AGnMmKUH6g&t=1857s
2025/12/11,Rain,秦基博,https://www.youtube.com/watch?v=9AGnMmKUH6g&t=3507s
2025/12/11,プラネタリウム,大塚愛,https://www.youtube.com/watch?v=9AGnMmKUH6g&t=4155s
2025/12/11,シリウスの心臓,ヰ世界情緒,https://www.youtube.com/watch?v=9AGnMmKUH6g&t=4540s
2025/12/11,君の知らない物語,supercell,https://www.youtube.com/watch?v=9AGnMmKUH6g&t=4744s
2025/04/10,君は薔薇より美しい,布施明,https://www.youtube.com/watch?v=w3kGzZQU7yE&t=253s
2025/04/10,晴る,ヨルシカ,https://www.youtube.com/watch?v=w3kGzZQU7yE&t=625s
2025/04/10,ハロ／ハワユ,ナノウ,https://www.youtube.com/watch?v=w3kGzZQU7yE&t=1493s
2025/04/10,アイロニ,すこっぷ,https://www.youtube.com/watch?v=w3kGzZQU7yE&t=2035s
2025/04/10,ハッピーシンセサイザ,EasyPop,https://www.youtube.com/watch?v=w3kGzZQU7yE&t=2422s
2025/04/10,メランコリック,Junky,https://www.youtube.com/watch?v=w3kGzZQU7yE&t=2773s
2025/04/10,千本桜,黒うさP,https://www.youtube.com/watch?v=w3kGzZQU7yE&t=3187s
2025/04/10,憂一乗,ヨルシカ,https://www.youtube.com/watch?v=w3kGzZQU7yE&t=3710s
2025/04/10,Lovers,sumika,https://www.youtube.com/watch?v=w3kGzZQU7yE&t=1150s
2025/04/10,勿忘,Awesome City Club,https://www.youtube.com/watch?v=w3kGzZQU7yE&t=1281s
2024/10/03,私は最強,Ado,https://www.youtube.com/watch?v=5szlPrmbZeQ&t=571s
2024/10/03,ビンクスの酒,麦わらの一味,https://www.youtube.com/watch?v=5szlPrmbZeQ&t=1105s
2024/10/03,ウィーアー!,きただにひろし,https://www.youtube.com/watch?v=5szlPrmbZeQ&t=1527s
2024/10/03,ココロのちず,BOYSTYLE,https://www.youtube.com/watch?v=5szlPrmbZeQ&t=2102s
2024/10/03,Happiness,Che'Nelle,https://www.youtube.com/watch?v=5szlPrmbZeQ&t=2870s
2024/10/03,ドライフラワー,優里,https://www.youtube.com/watch?v=5szlPrmbZeQ&t=3434s
2024/10/03,恋におちて〜Fall in love〜,小林明子,https://www.youtube.com/watch?v=5szlPrmbZeQ&t=3894s
2024/10/03,少年時代,井上陽水,https://www.youtube.com/watch?v=5szlPrmbZeQ&t=4778s
2024/10/03,点描の唄,Mrs. GREEN APPLE,https://www.youtube.com/watch?v=5szlPrmbZeQ&t=5447s
2024/09/19,可愛くなりたい,HoneyWorks,https://www.youtube.com/watch?v=CRSgtfRyIzM&t=801s
2024/09/19,可愛くてごめん,HoneyWorks,https://www.youtube.com/watch?v=CRSgtfRyIzM&t=1195s
2024/09/19,わたしの一番かわいいところ,FRUITS ZIPPER,https://www.youtube.com/watch?v=CRSgtfRyIzM&t=1795s
2024/09/19,好きだから。,ユイカ,https://www.youtube.com/watch?v=CRSgtfRyIzM&t=2289s
2024/09/19,あなたが知らない貴方のうた,ユイカ,https://www.youtube.com/watch?v=CRSgtfRyIzM&t=2802s
2024/09/19,おじゃま虫,DECO*27,https://www.youtube.com/watch?v=CRSgtfRyIzM&t=3231s
2024/09/19,レオ,優里,https://www.youtube.com/watch?v=CRSgtfRyIzM&t=3529s
2024/09/19,ベテルギウス,優里,https://www.youtube.com/watch?v=CRSgtfRyIzM&t=3741s
2024/09/19,メロンソーダ,aiko,https://www.youtube.com/watch?v=CRSgtfRyIzM&t=4166s
2024/09/19,空も飛べるはず,スピッツ,https://www.youtube.com/watch?v=CRSgtfRyIzM&t=4864s
2024/09/19,チェリー,スピッツ,https://www.youtube.com/watch?v=CRSgtfRyIzM&t=5085s
2024/09/19,ロビンソン,スピッツ,https://www.youtube.com/watch?v=CRSgtfRyIzM&t=5244s
2024/09/19,美しい鰭,スピッツ,https://www.youtube.com/watch?v=CRSgtfRyIzM&t=5461s
2024/09/19,カブトムシ,aiko,https://www.youtube.com/watch?v=CRSgtfRyIzM&t=5941s
2024/09/19,TSUNAMI,サザンオールスターズ,https://www.youtube.com/watch?v=CRSgtfRyIzM&t=6355s
2024/09/19,恋愛サーキュレーション,千石撫子,https://www.youtube.com/watch?v=CRSgtfRyIzM&t=6911s
2024/08/16,Happiness,Che'Nelle,https://www.youtube.com/watch?v=_1QhT5myyB0&t=663s
2024/08/16,心做し,蝶々P,https://www.youtube.com/watch?v=_1QhT5myyB0&t=1325s
2024/08/16,恋愛サーキュレーション,千石撫子,https://www.youtube.com/watch?v=_1QhT5myyB0&t=1561s
2024/08/16,可愛くてごめん,HoneyWorks,https://www.youtube.com/watch?v=_1QhT5myyB0&t=1857s
2024/08/16,晩餐歌,Tuki.,https://www.youtube.com/watch?v=_1QhT5myyB0&t=2382s
2024/08/16,Bling-Bang-Bang-Born,Creepy Nuts,https://www.youtube.com/watch?v=_1QhT5myyB0&t=2770s
2024/08/16,夜もすがら君想ふ,TOKOTOKO,https://www.youtube.com/watch?v=_1QhT5myyB0&t=2927s
2024/08/16,残酷な天使のテーゼ,高橋洋子,https://www.youtube.com/watch?v=_1QhT5myyB0&t=3406s
2024/08/16,いつも何度でも,木村弓,https://www.youtube.com/watch?v=_1QhT5myyB0&t=3727s
2024/08/16,アイモ～鳥のひと,ランカ・リー=中島愛,https://www.youtube.com/watch?v=_1QhT5myyB0&t=3901s
2025/01/09,好きだから。,『ユイカ』,https://www.youtube.com/watch?v=O03yCnWW6vY&t=949s
2025/01/09,あなたが知らない貴方のうた,『ユイカ』,https://www.youtube.com/watch?v=O03yCnWW6vY&t=1412s
2025/01/09,恋泥棒。,『ユイカ』,https://www.youtube.com/watch?v=O03yCnWW6vY&t=1850s
2025/01/09,僕らしさ,『ユイカ』,https://www.youtube.com/watch?v=O03yCnWW6vY&t=2035s
2025/01/09,あの夢をなぞって,YOASOBI,https://www.youtube.com/watch?v=O03yCnWW6vY&t=2470s
2025/01/09,チノカテ,ヨルシカ,https://www.youtube.com/watch?v=O03yCnWW6vY&t=2818s
2025/01/09,ユニバーサル・バニー,シェリル・ノーム starring May'n,https://www.youtube.com/watch?v=O03yCnWW6vY&t=3401s
2025/01/09,破滅の純情,ワルキューレ,https://www.youtube.com/watch?v=O03yCnWW6vY&t=3684s
2025/01/09,美しい鰭,スピッツ,https://www.youtube.com/watch?v=O03yCnWW6vY&t=4720s
2025/01/09,打上花火,DAOKO × 米津玄師,https://www.youtube.com/watch?v=O03yCnWW6vY&t=5216s
2025/01/09,回る空うさぎ,Orangestar,https://www.youtube.com/watch?v=O03yCnWW6vY&t=5607s
2025/01/09,怪獣の花唄,Vaundy,https://www.youtube.com/watch?v=O03yCnWW6vY&t=5902s
2025/01/09,点描の唄,Mrs. GREEN APPLE,https://www.youtube.com/watch?v=O03yCnWW6vY&t=6220s
2025/01/09,じゃじゃ馬にさせないで,西尾えつ子,https://www.youtube.com/watch?v=O03yCnWW6vY&t=6688s
2025/01/09,春泥棒,ヨルシカ,https://www.youtube.com/watch?v=O03yCnWW6vY&t=7082s
2025/01/09,バニーガール,AKASAKI,https://www.youtube.com/watch?v=O03yCnWW6vY&t=3560s
2025/01/09,AXIA ～ダイスキでダイキライ～,ワルキューレ,https://www.youtube.com/watch?v=O03yCnWW6vY&t=4038s
2025/01/09,Sacred world,RAISE A SUILEN,https://www.youtube.com/watch?v=O03yCnWW6vY&t=4285s
2025/01/09,ラムのラブソング,松谷祐子,https://www.youtube.com/watch?v=O03yCnWW6vY&t=6910s
2025/03/21,ノーチラス,ヨルシカ,https://www.youtube.com/watch?v=vPN3nwLOFVA&t=567s
2025/03/21,パレード,ヨルシカ,https://www.youtube.com/watch?v=vPN3nwLOFVA&t=968s
2025/03/21,わたしの一番かわいいところ,FRUITS ZIPPER,https://www.youtube.com/watch?v=vPN3nwLOFVA&t=1373s
2025/03/21,かがみ,FRUITS ZIPPER,https://www.youtube.com/watch?v=vPN3nwLOFVA&t=1510s
2025/03/21,憂一乗,ヨルシカ,https://www.youtube.com/watch?v=vPN3nwLOFVA&t=1705s
2025/03/21,嘘月,ヨルシカ,https://www.youtube.com/watch?v=vPN3nwLOFVA&t=2188s
2025/03/21,テルーの唄,手嶌葵,https://www.youtube.com/watch?v=vPN3nwLOFVA&t=2538s
2025/03/21,カントリー・ロード,本名陽子,https://www.youtube.com/watch?v=vPN3nwLOFVA&t=2962s
2025/03/21,やさしさに包まれたなら,荒井由実,https://www.youtube.com/watch?v=vPN3nwLOFVA&t=3247s
2025/03/21,ルージュの伝言,荒井由実,https://www.youtube.com/watch?v=vPN3nwLOFVA&t=3518s
2025/03/21,恋におちて-Fall in Love-,小林明子,https://www.youtube.com/watch?v=vPN3nwLOFVA&t=3988s
2025/03/21,ライオン,May'n & 中島愛,https://www.youtube.com/watch?v=vPN3nwLOFVA&t=4384s
2025/03/21,一度だけの恋なら,ワルキューレ,https://www.youtube.com/watch?v=vPN3nwLOFVA&t=4665s
2025/03/21,アイネクライネ,米津玄師,https://www.youtube.com/watch?v=vPN3nwLOFVA&t=5276s
2025/03/21,晩餐歌,tuki.,https://www.youtube.com/watch?v=vPN3nwLOFVA&t=5717s
2025/03/21,シリウスの心臓,ヰ世界情緒,https://www.youtube.com/watch?v=vPN3nwLOFVA&t=6299s
2025/03/21,secret base ～君がくれたもの～,ZONE,https://www.youtube.com/watch?v=vPN3nwLOFVA&t=6643s
2025/03/21,全力少年,スキマスイッチ,https://www.youtube.com/watch?v=vPN3nwLOFVA&t=7161s
2025/03/21,SAKURA,いきものがかり,https://www.youtube.com/watch?v=vPN3nwLOFVA&t=7636s
2025/03/21,春泥棒,ヨルシカ,https://www.youtube.com/watch?v=vPN3nwLOFVA&t=7784s
2025/03/21,First Love,宇多田ヒカル,https://www.youtube.com/watch?v=vPN3nwLOFVA&t=8284s
2025/03/21,YELL,いきものがかり,https://www.youtube.com/watch?v=vPN3nwLOFVA&t=8610s
2025/03/21,3月9日,レミオロメン,https://www.youtube.com/watch?v=vPN3nwLOFVA&t=9280s
2025/03/21,回る空うさぎ,Orangestar,https://www.youtube.com/watch?v=vPN3nwLOFVA&t=9742s
2025/03/21,シンデレラボーイ,Saucy Dog,https://www.youtube.com/watch?v=vPN3nwLOFVA&t=10386s
2025/03/21,たばこ,コレサワ,https://www.youtube.com/watch?v=vPN3nwLOFVA&t=10727s
2025/03/21,未来予想図II,DREAMS COME TRUE,https://www.youtube.com/watch?v=vPN3nwLOFVA&t=11289s
2025/03/21,heavenly days,新垣結衣,https://www.youtube.com/watch?v=vPN3nwLOFVA&t=11600s
2025/09/06,SUMMER SONG,YUI,https://www.youtube.com/watch?v=5Gcz0IX9mSY&t=552s
2025/09/06,ひこうき雲,荒井由実,https://www.youtube.com/watch?v=5Gcz0IX9mSY&t=873s
2025/09/06,ルージュの伝言,荒井由実,https://www.youtube.com/watch?v=5Gcz0IX9mSY&t=1438s
2025/09/06,ひとりごつ,ハチワレ,https://www.youtube.com/watch?v=5Gcz0IX9mSY&t=1722s
2025/09/06,風になる,つじあやの,https://www.youtube.com/watch?v=5Gcz0IX9mSY&t=2014s
2025/09/06,セプテンバーさん,RADWIMPS,https://www.youtube.com/watch?v=5Gcz0IX9mSY&t=2423s
2025/09/06,summertime,cinnamons × evening cinema,https://www.youtube.com/watch?v=5Gcz0IX9mSY&t=2945s
2025/09/06,コイワズライ,Aimer,https://www.youtube.com/watch?v=5Gcz0IX9mSY&t=3259s
2025/09/06,シリウスの心臓,ヰ世界情緒,https://www.youtube.com/watch?v=5Gcz0IX9mSY&t=3543s
2025/09/06,アスノヨゾラ哨戒班,Orangestar,https://www.youtube.com/watch?v=5Gcz0IX9mSY&t=3953s
2025/09/06,回る空うさぎ,Orangestar,https://www.youtube.com/watch?v=5Gcz0IX9mSY&t=4249s
2025/09/06,プラネタリウム,大塚愛,https://www.youtube.com/watch?v=5Gcz0IX9mSY&t=4542s
2025/09/06,おなじ話,ハンバート ハンバート,https://www.youtube.com/watch?v=5Gcz0IX9mSY&t=4770s
2025/09/06,チノカテ,ヨルシカ,https://www.youtube.com/watch?v=5Gcz0IX9mSY&t=5295s
2025/09/06,アイノカタチ,MISIA,https://www.youtube.com/watch?v=5Gcz0IX9mSY&t=5751s
2025/09/06,春泥棒,ヨルシカ,https://www.youtube.com/watch?v=5Gcz0IX9mSY&t=6044s
2025/09/06,ベテルギウス,優里,https://www.youtube.com/watch?v=5Gcz0IX9mSY&t=6422s
2025/09/06,セプテンバーさん,RADWIMPS,https://www.youtube.com/watch?v=5Gcz0IX9mSY&t=2395s
2025/09/06,プラネタリウム,大塚愛,https://www.youtube.com/watch?v=5Gcz0IX9mSY&t=4515s
2024/12/27,にじいろ,絢香,https://www.youtube.com/watch?v=lP5Z7BlAiyo&t=302s
2024/12/27,さようなら、花泥棒さん,メル,https://www.youtube.com/watch?v=lP5Z7BlAiyo&t=755s
2024/12/27,あの夢をなぞって,YOASOBI,https://www.youtube.com/watch?v=lP5Z7BlAiyo&t=1106s
2024/12/27,明日はきっといい日になる,高橋優,https://www.youtube.com/watch?v=lP5Z7BlAiyo&t=1543s
2024/12/27,わたしの一番かわいいところ,FRUITS ZIPPER,https://www.youtube.com/watch?v=lP5Z7BlAiyo&t=1995s
2024/12/27,希望の轍,サザンオールスターズ,https://www.youtube.com/watch?v=lP5Z7BlAiyo&t=2521s
2024/12/27,晴る,ヨルシカ,https://www.youtube.com/watch?v=lP5Z7BlAiyo&t=2839s
2024/12/27,じゃじゃ馬にさせないで,西尾えつ子,https://www.youtube.com/watch?v=lP5Z7BlAiyo&t=3396s
2024/12/27,ハロ／ハワユ,ナノウ,https://www.youtube.com/watch?v=lP5Z7BlAiyo&t=3679s
2024/12/27,メリクリ,BoA,https://www.youtube.com/watch?v=lP5Z7BlAiyo&t=4140s
2024/12/27,欲望に満ちた青年団,ONE OK ROCK,https://www.youtube.com/watch?v=lP5Z7BlAiyo&t=4400s
2024/12/27,ブルーバード,いきものがかり,https://www.youtube.com/watch?v=lP5Z7BlAiyo&t=4763s
2024/12/27,回る空うさぎ,Orangestar,https://www.youtube.com/watch?v=lP5Z7BlAiyo&t=5341s
2024/12/27,シリウスの心臓,ヰ世界情緒,https://www.youtube.com/watch?v=lP5Z7BlAiyo&t=5668s
2024/12/27,ヒカリヘ,miwa,https://www.youtube.com/watch?v=lP5Z7BlAiyo&t=6040s
2024/12/27,ルンがピカッと光ったら,ワルキューレ,https://www.youtube.com/watch?v=lP5Z7BlAiyo&t=6455s
2024/12/27,星座になれたら,結束バンド,https://www.youtube.com/watch?v=lP5Z7BlAiyo&t=7113s
2024/12/30,ライラック,Mrs. GREEN APPLE,https://www.youtube.com/watch?v=Bx9I5xIpntk&t=511s
2024/12/30,ビビデバ,星街すいせい,https://www.youtube.com/watch?v=Bx9I5xIpntk&t=671s
2024/12/30,Click,ME:I,https://www.youtube.com/watch?v=Bx9I5xIpntk&t=880s
2024/12/30,オトノケ,Creepy Nuts,https://www.youtube.com/watch?v=Bx9I5xIpntk&t=1098s
2024/12/30,Bling-Bang-Bang-Born,Creepy Nuts,https://www.youtube.com/watch?v=Bx9I5xIpntk&t=1271s
2024/12/30,はいよろこんで,こっちのけんと,https://www.youtube.com/watch?v=Bx9I5xIpntk&t=1630s
2024/12/30,雪の華,中島美嘉,https://www.youtube.com/watch?v=Bx9I5xIpntk&t=1922s
2024/12/30,晩餐歌,tuki.,https://www.youtube.com/watch?v=Bx9I5xIpntk&t=2334s
2024/12/30,わたしの一番かわいいところ,FRUITS ZIPPER,https://www.youtube.com/watch?v=Bx9I5xIpntk&t=2775s
2024/12/30,かわいいだけじゃだめですか？,CUTIE STREET,https://www.youtube.com/watch?v=Bx9I5xIpntk&t=3247s
2024/12/30,アイドル,YOASOBI,https://www.youtube.com/watch?v=Bx9I5xIpntk&t=3775s
2024/12/30,晴る,ヨルシカ,https://www.youtube.com/watch?v=Bx9I5xIpntk&t=4109s
2024/12/30,花になって,緑黄色社会,https://www.youtube.com/watch?v=Bx9I5xIpntk&t=4456s
2024/07/27,栄光の架橋,ゆず,https://www.youtube.com/watch?v=0bFkyCrnGck&t=348s
2024/07/27,カントリー・ロード,本名陽子,https://www.youtube.com/watch?v=0bFkyCrnGck&t=629s
2024/07/27,Stand By Me,Ben E. King,https://www.youtube.com/watch?v=0bFkyCrnGck&t=1038s
2024/07/27,ひまわりの約束,秦基博,https://www.youtube.com/watch?v=0bFkyCrnGck&t=1347s
2024/07/27,ひまわり,遊助,https://www.youtube.com/watch?v=0bFkyCrnGck&t=1829s
2024/07/27,青と夏,Mrs. GREEN APPLE,https://www.youtube.com/watch?v=0bFkyCrnGck&t=2227s
2024/07/27,点描の唄,Mrs. GREEN APPLE,https://www.youtube.com/watch?v=0bFkyCrnGck&t=2729s
2024/07/27,大切な君へ,井上苑子,https://www.youtube.com/watch?v=0bFkyCrnGck&t=3133s
2024/07/27,蜜月アン・ドゥ・トロワ,CHiCO with HoneyWorks,https://www.youtube.com/watch?v=0bFkyCrnGck&t=3745s
2024/07/27,シリウスの心臓,ヰ世界情緒,https://www.youtube.com/watch?v=0bFkyCrnGck&t=4079s
2024/07/27,帰ろう,藤井風,https://www.youtube.com/watch?v=0bFkyCrnGck&t=4590s
2024/07/27,高嶺の花子さん,back number,https://www.youtube.com/watch?v=0bFkyCrnGck&t=5090s
2024/07/27,君は薔薇より美しい,布施明,https://www.youtube.com/watch?v=0bFkyCrnGck&t=5486s
2024/07/27,大切な君へ,井上苑子,https://www.youtube.com/watch?v=0bFkyCrnGck&t=3133s
2024/06/21,鳥の詩,Lia,https://www.youtube.com/watch?v=wKawztG1g2I&t=491s
2024/06/21,夏恋花火,40mP,https://www.youtube.com/watch?v=wKawztG1g2I&t=1106s
2024/06/21,青と夏,Mrs. GREEN APPLE,https://www.youtube.com/watch?v=wKawztG1g2I&t=1560s
2024/06/21,ライラック,Mrs. GREEN APPLE,https://www.youtube.com/watch?v=wKawztG1g2I&t=1804s
2024/06/21,HANABI,Mr.Children,https://www.youtube.com/watch?v=wKawztG1g2I&t=2040s
2024/06/21,粉雪,レミオロメン,https://www.youtube.com/watch?v=wKawztG1g2I&t=2385s
2024/06/21,真夏の果実,サザンオールスターズ,https://www.youtube.com/watch?v=wKawztG1g2I&t=2855s
2024/06/21,春泥棒,ヨルシカ,https://www.youtube.com/watch?v=wKawztG1g2I&t=3102s
2024/06/21,夏色,ゆず,https://www.youtube.com/watch?v=wKawztG1g2I&t=3534s
2025/05/13,napori,Vaundy,https://www.youtube.com/watch?v=Idg_AF-jyak&t=161s
2025/05/13,夏恋花火,40mP,https://www.youtube.com/watch?v=Idg_AF-jyak&t=416s
2025/05/13,Good-bye days,YUI,https://www.youtube.com/watch?v=Idg_AF-jyak&t=821s
2025/05/13,I remember you,YUI,https://www.youtube.com/watch?v=Idg_AF-jyak&t=1164s
2025/05/13,夜撫でるメノウ,Ayase,https://www.youtube.com/watch?v=Idg_AF-jyak&t=1583s
2025/05/13,たぶん,YOASOBI,https://www.youtube.com/watch?v=Idg_AF-jyak&t=1977s
2025/05/13,回る空うさぎ,Orangestar,https://www.youtube.com/watch?v=Idg_AF-jyak&t=2619s
2025/05/13,Henceforth,Orangestar,https://www.youtube.com/watch?v=Idg_AF-jyak&t=2883s
2025/05/13,青と夏,Mrs.GREEN APPLE,https://www.youtube.com/watch?v=Idg_AF-jyak&t=3222s
2025/05/13,ダンスホール,Mrs.GREEN APPLE,https://www.youtube.com/watch?v=Idg_AF-jyak&t=3647s
2025/05/13,ライラック,Mrs.GREEN APPLE,https://www.youtube.com/watch?v=Idg_AF-jyak&t=3847s
2025/05/13,君はロックを聴かない,あいみょん,https://www.youtube.com/watch?v=Idg_AF-jyak&t=4131s
2025/05/13,愛を伝えたいだとか,あいみょん,https://www.youtube.com/watch?v=Idg_AF-jyak&t=4493s
2025/05/13,愛をこめて花束を,Superfly,https://www.youtube.com/watch?v=Idg_AF-jyak&t=4887s
2025/05/13,Happiness,Che'Nelle,https://www.youtube.com/watch?v=Idg_AF-jyak&t=5300s
2025/05/13,浮気されたけどまだ好きって曲。,りりあ。,https://www.youtube.com/watch?v=Idg_AF-jyak&t=5841s
2025/05/13,若者のすべて,フジファブリック,https://www.youtube.com/watch?v=Idg_AF-jyak&t=6061s
2025/10/23,閃光少女,東京事変,https://www.youtube.com/watch?v=22LLPACpYD0&t=346s
2025/10/23,heavenly days,新垣結衣,https://www.youtube.com/watch?v=22LLPACpYD0&t=785s
2025/10/23,てくてく,新垣結衣,https://www.youtube.com/watch?v=22LLPACpYD0&t=1144s
2025/10/23,恋愛サーキュレーション,千石撫子,https://www.youtube.com/watch?v=22LLPACpYD0&t=1446s
2025/10/23,earth meal feat. asmi,Rin音,https://www.youtube.com/watch?v=22LLPACpYD0&t=2045s
2025/10/23,雪の華,中島美嘉,https://www.youtube.com/watch?v=22LLPACpYD0&t=2540s
2025/10/23,帰ろう,藤井風,https://www.youtube.com/watch?v=22LLPACpYD0&t=3049s
2025/10/23,にじいろ,絢香,https://www.youtube.com/watch?v=22LLPACpYD0&t=3692s
2025/10/23,ガーネット,奥華子,https://www.youtube.com/watch?v=22LLPACpYD0&t=4253s
2025/10/23,変わらないもの,奥華子,https://www.youtube.com/watch?v=22LLPACpYD0&t=4854s
2025/10/23,ドキメキダイアリー,なすお☆,https://www.youtube.com/watch?v=22LLPACpYD0&t=1928s
2025/10/23,ヨワネハキ,MAISONdes,https://www.youtube.com/watch?v=22LLPACpYD0&t=2240s
2025/10/23,三日月,絢香,https://www.youtube.com/watch?v=22LLPACpYD0&t=3503s
2025/08/05,水流のロック,日食なつこ,https://www.youtube.com/watch?v=440wtEMdvM8&t=351s
2025/08/05,若者のすべて,フジファブリック,https://www.youtube.com/watch?v=440wtEMdvM8&t=541s
2025/08/05,イエスタデイ,Official髭男dism,https://www.youtube.com/watch?v=440wtEMdvM8&t=910s
2025/08/05,明日の私に幸あれ,ナナヲアカリ,https://www.youtube.com/watch?v=440wtEMdvM8&t=1364s
2025/08/05,めくる世界、めぐる歌,しゆ。,https://www.youtube.com/watch?v=440wtEMdvM8&t=1633s
2025/08/05,"My Soul,Your Beats!",Lia,https://www.youtube.com/watch?v=440wtEMdvM8&t=2028s
2025/08/05,打上花火,DAOKO×米津玄師,https://www.youtube.com/watch?v=440wtEMdvM8&t=2365s
2025/08/05,夏色,ゆず,https://www.youtube.com/watch?v=440wtEMdvM8&t=2744s
2025/08/05,プラネタリウム,大塚愛,https://www.youtube.com/watch?v=440wtEMdvM8&t=2831s
2025/08/05,アイノカタチ,MISIA,https://www.youtube.com/watch?v=440wtEMdvM8&t=3074s
2025/08/05,わたしの一番かわいいところ,FRUITS ZIPPER,https://www.youtube.com/watch?v=440wtEMdvM8&t=3656s
2025/08/05,かわいいだけじゃだめですか？,CUTIE STREET,https://www.youtube.com/watch?v=440wtEMdvM8&t=3996s
2025/08/05,倍倍FIGHT!,CANDY TUNE,https://www.youtube.com/watch?v=440wtEMdvM8&t=4379s
2025/08/05,secret base ～君がくれたもの～,ZONE,https://www.youtube.com/watch?v=440wtEMdvM8&t=4837s
2025/08/05,愛をこめて花束を,Superfly,https://www.youtube.com/watch?v=440wtEMdvM8&t=5440s
2025/08/05,タッチ,岩崎良美,https://www.youtube.com/watch?v=440wtEMdvM8&t=5807s
2025/06/26,コンタクトケース,Saucy Dog,https://www.youtube.com/watch?v=dDDNODDMYlc&t=752s
2025/06/26,T.A.O.,洛天依,https://www.youtube.com/watch?v=dDDNODDMYlc&t=1249s
2025/06/26,そっけない,RADWIMPS,https://www.youtube.com/watch?v=dDDNODDMYlc&t=1736s
2025/06/26,天体観測,BUMP OF CHICKEN,https://www.youtube.com/watch?v=dDDNODDMYlc&t=2660s
2025/06/26,別の人の彼女になったよ,wacci,https://www.youtube.com/watch?v=dDDNODDMYlc&t=2906s
2025/06/26,星座になれたら,結束バンド,https://www.youtube.com/watch?v=dDDNODDMYlc&t=3389s
2025/06/26,わたがし,back number,https://www.youtube.com/watch?v=dDDNODDMYlc&t=3959s
2025/06/26,回る空うさぎ,Orangestar,https://www.youtube.com/watch?v=dDDNODDMYlc&t=4620s
2025/06/26,少年時代,井上陽水,https://www.youtube.com/watch?v=dDDNODDMYlc&t=5030s
2025/06/26,斜陽,ヨルシカ,https://www.youtube.com/watch?v=dDDNODDMYlc&t=5485s
2025/10/14,超最強,超ときめき♡宣伝部,https://www.youtube.com/watch?v=i6GbpBfOxfU&t=554s
2025/10/14,POP IN 2,B小町,https://www.youtube.com/watch?v=i6GbpBfOxfU&t=961s
2025/10/14,サインはB,B小町,https://www.youtube.com/watch?v=i6GbpBfOxfU&t=1243s
2025/10/14,愛♡スクリ～ム！,AiScReam,https://www.youtube.com/watch?v=i6GbpBfOxfU&t=1593s
2025/10/14,チノカテ,ヨルシカ,https://www.youtube.com/watch?v=i6GbpBfOxfU&t=1958s
2025/10/14,ヒッチコック,ヨルシカ,https://www.youtube.com/watch?v=i6GbpBfOxfU&t=2279s
2025/10/14,ただ君に晴れ,ヨルシカ,https://www.youtube.com/watch?v=i6GbpBfOxfU&t=2543s
2025/10/14,負け犬にアンコールはいらない,ヨルシカ,https://www.youtube.com/watch?v=i6GbpBfOxfU&t=2840s
2025/10/14,summertime,cinnamons × evening cinema,https://www.youtube.com/watch?v=i6GbpBfOxfU&t=3217s
2025/10/14,明日も,SHISHAMO,https://www.youtube.com/watch?v=i6GbpBfOxfU&t=3578s
2025/10/14,君と夏フェス,SHISHAMO,https://www.youtube.com/watch?v=i6GbpBfOxfU&t=3962s
2025/10/14,熱帯夜,SHISHAMO,https://www.youtube.com/watch?v=i6GbpBfOxfU&t=4353s
2025/10/14,チェリー,スピッツ,https://www.youtube.com/watch?v=i6GbpBfOxfU&t=4816s
2025/10/14,ロビンソン,スピッツ,https://www.youtube.com/watch?v=i6GbpBfOxfU&t=5108s
2025/10/14,めくる世界、めぐる歌,しゆ。,https://www.youtube.com/watch?v=i6GbpBfOxfU&t=5624s
2025/10/14,あの夢をなぞって,YOASOBI,https://www.youtube.com/watch?v=i6GbpBfOxfU&t=6326s
2024/08/29,シリウスの心臓,ヰ世界情緒,https://www.youtube.com/watch?v=5IgUjhdzumA&t=774s
2024/08/29,YOU,癒月,https://www.youtube.com/watch?v=5IgUjhdzumA&t=1339s
2024/08/29,キセキ,GReeeeN,https://www.youtube.com/watch?v=5IgUjhdzumA&t=1754s
2024/08/29,全力少年,スキマスイッチ,https://www.youtube.com/watch?v=5IgUjhdzumA&t=2336s
2024/08/29,香水,瑛人,https://www.youtube.com/watch?v=5IgUjhdzumA&t=2940s
2024/08/29,#あくあ色ぱれっと,湊あくあ,https://www.youtube.com/watch?v=5IgUjhdzumA&t=3208s
2024/08/29,晩餐歌,Tuki.,https://www.youtube.com/watch?v=5IgUjhdzumA&t=3579s
2024/08/29,115万キロのフィルム,Official髭男dism,https://www.youtube.com/watch?v=5IgUjhdzumA&t=4048s
2024/08/29,明日晴れるかな,桑田佳祐,https://www.youtube.com/watch?v=5IgUjhdzumA&t=4760s
2024/08/29,晴る,ヨルシカ,https://www.youtube.com/watch?v=5IgUjhdzumA&t=5256s
2025/01/10,トライアングラー,坂本真綾,https://www.youtube.com/watch?v=1pGAcDc4zaQ&t=457s
2025/01/10,アナタノオト,ランカ・リー＝中島愛,https://www.youtube.com/watch?v=1pGAcDc4zaQ&t=907s
2025/01/10,星間飛行,ランカ・リー＝中島愛,https://www.youtube.com/watch?v=1pGAcDc4zaQ&t=1225s
2025/01/10,ノーザンクロス,ワルキューレ,https://www.youtube.com/watch?v=1pGAcDc4zaQ&t=1554s
2025/01/10,虹いろ クマクマ,ランカ・リー＝中島愛,https://www.youtube.com/watch?v=1pGAcDc4zaQ&t=1902s
2025/01/10,射手座☆午後九時Dont be late,シェリル・ノーム starring May'n,https://www.youtube.com/watch?v=1pGAcDc4zaQ&t=2051s
2025/01/10,ダイアモンド クレバス,シェリル・ノーム starring May'n,https://www.youtube.com/watch?v=1pGAcDc4zaQ&t=2150s
2025/01/10,ライオン,"シェリル・ノーム starring May'n,ランカ・リー=中島 愛",https://www.youtube.com/watch?v=1pGAcDc4zaQ&t=2285s
2025/01/10,アイモ,ランカ・リー＝中島愛,https://www.youtube.com/watch?v=1pGAcDc4zaQ&t=2868s
2025/01/10,ニンジーン Loves you yeah!,ランカ・リー＝中島愛,https://www.youtube.com/watch?v=1pGAcDc4zaQ&t=3019s
2025/01/10,私の彼はパイロット,ランカ・リー＝中島愛,https://www.youtube.com/watch?v=1pGAcDc4zaQ&t=3134s
2025/01/10,ホシキラ,ランカ・リー＝中島愛,https://www.youtube.com/watch?v=1pGAcDc4zaQ&t=3373s
2025/01/10,一度だけの恋なら,ワルキューレ,https://www.youtube.com/watch?v=1pGAcDc4zaQ&t=3809s
2025/01/10,破滅の純情,ワルキューレ,https://www.youtube.com/watch?v=1pGAcDc4zaQ&t=4161s
2025/01/10,いけないボーダーライン,ワルキューレ,https://www.youtube.com/watch?v=1pGAcDc4zaQ&t=4672s
2025/01/10,ルンがピカッと光ったら,ワルキューレ,https://www.youtube.com/watch?v=1pGAcDc4zaQ&t=5072s
2025/01/10,僕らの戦場,ワルキューレ,https://www.youtube.com/watch?v=1pGAcDc4zaQ&t=5680s
2025/01/10,Absolute 5,ワルキューレ,https://www.youtube.com/watch?v=1pGAcDc4zaQ&t=6025s
2025/01/10,God Bless You,ワルキューレ,https://www.youtube.com/watch?v=1pGAcDc4zaQ&t=6467s
2025/01/10,GIRAFFE BLUES,ワルキューレ,https://www.youtube.com/watch?v=1pGAcDc4zaQ&t=6883s
2025/01/10,AXIA ～ダイスキでダイキライ,ワルキューレ,https://www.youtube.com/watch?v=1pGAcDc4zaQ&t=7340s
2025/08/07,憂一乗,ヨルシカ,https://www.youtube.com/watch?v=0mtT7vgpPm8&t=738s
2025/08/07,シリウスの心臓,ヰ世界情緒,https://www.youtube.com/watch?v=0mtT7vgpPm8&t=1264s
2025/08/07,夏祭り,Whiteberry,https://www.youtube.com/watch?v=0mtT7vgpPm8&t=1587s
2025/08/07,夏色,ゆず,https://www.youtube.com/watch?v=0mtT7vgpPm8&t=2029s
2025/08/07,打上花火,DAOKO×米津玄師,https://www.youtube.com/watch?v=0mtT7vgpPm8&t=2839s
2025/08/07,風になる,つじあやの,https://www.youtube.com/watch?v=0mtT7vgpPm8&t=3223s
2025/08/07,そっけない,RADWIMPS,https://www.youtube.com/watch?v=0mtT7vgpPm8&t=3953s
2025/08/07,HANABI,Mr.Children,https://www.youtube.com/watch?v=0mtT7vgpPm8&t=4467s
2025/08/07,Alchemy,Girls Dead Monster,https://www.youtube.com/watch?v=0mtT7vgpPm8&t=4903s
2025/08/07,愛をこめて花束を,Superfly,https://www.youtube.com/watch?v=0mtT7vgpPm8&t=5855s
2025/08/07,ドライフラワー,優里,https://www.youtube.com/watch?v=0mtT7vgpPm8&t=6474s
2025/08/07,CHE.R.RY,YUI,https://www.youtube.com/watch?v=0mtT7vgpPm8&t=6881s
2025/08/07,真夏の果実,サザンオールスターズ,https://www.youtube.com/watch?v=0mtT7vgpPm8&t=7195s
2025/08/07,ロビンソン,スピッツ,https://www.youtube.com/watch?v=0mtT7vgpPm8&t=7414s
2025/08/07,Stand By Me,Ben E. King,https://www.youtube.com/watch?v=0mtT7vgpPm8&t=5474s
2025/01/16,花に亡霊,ヨルシカ,https://www.youtube.com/watch?v=pLRF6wYBd8A&t=1261s
2025/01/16,ルンがピカッと光ったら,ワルキューレ,https://www.youtube.com/watch?v=pLRF6wYBd8A&t=1941s
2025/01/16,トウキョウ・シャンディ・ランデヴ,MAISONdes,https://www.youtube.com/watch?v=pLRF6wYBd8A&t=2566s
2025/01/16,ツギハギスタッカート,とあ,https://www.youtube.com/watch?v=pLRF6wYBd8A&t=2977s
2025/01/16,晩餐歌,tuki.,https://www.youtube.com/watch?v=pLRF6wYBd8A&t=3426s
2025/01/16,神のまにまに,れるりり,https://www.youtube.com/watch?v=pLRF6wYBd8A&t=3923s
2025/01/16,かいしんのいちげき！,天月-あまつき-,https://www.youtube.com/watch?v=pLRF6wYBd8A&t=4355s
2025/01/16,シリウスの心臓,ヰ世界情緒,https://www.youtube.com/watch?v=pLRF6wYBd8A&t=4695s
2025/01/16,神のまにまに,れるりり,https://www.youtube.com/watch?v=pLRF6wYBd8A&t=4029s
2024/11/26,突撃ラブハート,FIRE BOMBER,https://www.youtube.com/watch?v=a8-fYJTC4ek&t=655s
2024/11/26,ホシキラ,ReoNa,https://www.youtube.com/watch?v=a8-fYJTC4ek&t=1000s
2024/11/26,キラキラ,aiko,https://www.youtube.com/watch?v=a8-fYJTC4ek&t=1444s
2024/11/26,カブトムシ,aiko,https://www.youtube.com/watch?v=a8-fYJTC4ek&t=1812s
2024/11/26,Kiss Hug,aiko,https://www.youtube.com/watch?v=a8-fYJTC4ek&t=2210s
2024/11/26,花火,aiko,https://www.youtube.com/watch?v=a8-fYJTC4ek&t=2628s
2024/11/26,ハピチョコ,HoneyWorks,https://www.youtube.com/watch?v=a8-fYJTC4ek&t=3226s
2024/11/26,青と夏,Mrs. GREEN APPLE,https://www.youtube.com/watch?v=a8-fYJTC4ek&t=3605s
2024/11/26,わたしの一番かわいいところ,FRUITS ZIPPER,https://www.youtube.com/watch?v=a8-fYJTC4ek&t=4391s
2024/11/26,アスノヨゾラ哨戒班,Orangestar,https://www.youtube.com/watch?v=a8-fYJTC4ek&t=5021s
2024/11/26,あたしを彼女にしたいなら,HoneyWorks,https://www.youtube.com/watch?v=a8-fYJTC4ek&t=5518s
2024/11/26,若者のすべて,フジファブリック,https://www.youtube.com/watch?v=a8-fYJTC4ek&t=5832s
2025/07/02,美しい鰭,スピッツ,https://www.youtube.com/watch?v=WKd9GZsYEbc&t=460s
2025/07/02,変わらないもの,奥華子,https://www.youtube.com/watch?v=WKd9GZsYEbc&t=976s
2025/07/02,愛を伝えたいだとか,あいみょん,https://www.youtube.com/watch?v=WKd9GZsYEbc&t=2282s
2025/07/02,君はロックを聴かない,あいみょん,https://www.youtube.com/watch?v=WKd9GZsYEbc&t=2788s
2025/07/02,愛をこめて花束を,Superfly,https://www.youtube.com/watch?v=WKd9GZsYEbc&t=3258s
2025/07/02,恋愛サーキュレーション,千石撫子,https://www.youtube.com/watch?v=WKd9GZsYEbc&t=3884s
2025/07/02,ヒカリヘ,miwa,https://www.youtube.com/watch?v=WKd9GZsYEbc&t=4688s
2025/07/02,春泥棒,ヨルシカ,https://www.youtube.com/watch?v=WKd9GZsYEbc&t=5107s
2025/07/02,ノーチラス,ヨルシカ,https://www.youtube.com/watch?v=WKd9GZsYEbc&t=5868s
2025/07/02,夏祭り,Whiteberry,https://www.youtube.com/watch?v=WKd9GZsYEbc&t=6193s
2025/07/02,sleep sleep feat. さとうもか,ぜったくん,https://www.youtube.com/watch?v=WKd9GZsYEbc&t=6394s
2025/07/02,少年時代,井上陽水,https://www.youtube.com/watch?v=WKd9GZsYEbc&t=6840s
2025/07/02,プラネタリウム,大塚愛,https://www.youtube.com/watch?v=WKd9GZsYEbc&t=1624s
2025/07/02,花束のかわりにメロディーを,清水翔太,https://www.youtube.com/watch?v=WKd9GZsYEbc&t=1759s
2025/07/02,花火,aiko,https://www.youtube.com/watch?v=WKd9GZsYEbc&t=1923s
2025/07/02,夏色,ゆず,https://www.youtube.com/watch?v=WKd9GZsYEbc&t=2075s
2025/07/02,sweets parade,花澤香菜,https://www.youtube.com/watch?v=WKd9GZsYEbc&t=4332s
2025/07/02,じゃじゃ馬にさせないで,西尾えつ子,https://www.youtube.com/watch?v=WKd9GZsYEbc&t=4448s
2025/07/02,だから僕は音楽を辞めた,ヨルシカ,https://www.youtube.com/watch?v=WKd9GZsYEbc&t=5567s
2025/04/15,カタオモイ,Aimer,https://www.youtube.com/watch?v=EvCKlA6UB7A&t=175s
2025/04/15,コイワズライ,Aimer,https://www.youtube.com/watch?v=EvCKlA6UB7A&t=454s
2025/04/15,やさしさに包まれたなら,荒井由実,https://www.youtube.com/watch?v=EvCKlA6UB7A&t=853s
2025/04/15,TSUNAMI,サザンオールスターズ,https://www.youtube.com/watch?v=EvCKlA6UB7A&t=1245s
2025/04/15,オトシモノ,miwa,https://www.youtube.com/watch?v=EvCKlA6UB7A&t=1686s
2025/04/15,月が綺麗,岩見拓馬,https://www.youtube.com/watch?v=EvCKlA6UB7A&t=2200s
2025/04/15,シルエット,KANA-BOON,https://www.youtube.com/watch?v=EvCKlA6UB7A&t=2439s
2025/04/15,BOW AND ARROW,米津玄師,https://www.youtube.com/watch?v=EvCKlA6UB7A&t=3476s
2025/04/15,美しい鰭,スピッツ,https://www.youtube.com/watch?v=EvCKlA6UB7A&t=3774s
2025/01/11,やさしさに包まれたなら,荒井由実,https://www.youtube.com/watch?v=irV7XSWgBzo&t=681s
2025/01/11,ひこうき雲,荒井由実,https://www.youtube.com/watch?v=irV7XSWgBzo&t=943s
2025/01/11,ルージュの伝言,荒井由実,https://www.youtube.com/watch?v=irV7XSWgBzo&t=1237s
2025/01/11,テルーの唄,手嶌葵,https://www.youtube.com/watch?v=irV7XSWgBzo&t=1548s
2025/01/11,カントリー・ロード,本名陽子,https://www.youtube.com/watch?v=irV7XSWgBzo&t=1914s
2025/01/11,君をのせて,井上あずみ,https://www.youtube.com/watch?v=irV7XSWgBzo&t=2328s
2025/01/11,風になる,つじあやの,https://www.youtube.com/watch?v=irV7XSWgBzo&t=2668s
2025/01/11,忘れじの言の葉,未来古代楽団,https://www.youtube.com/watch?v=irV7XSWgBzo&t=3017s
2025/01/11,チェリー,スピッツ,https://www.youtube.com/watch?v=irV7XSWgBzo&t=3489s
2025/01/11,だんご大家族,茶太,https://www.youtube.com/watch?v=irV7XSWgBzo&t=3817s
2025/01/11,美しい鰭,スピッツ,https://www.youtube.com/watch?v=irV7XSWgBzo&t=4298s
2025/05/08,春泥棒,ヨルシカ,https://www.youtube.com/watch?v=kB1xMFy557U&t=674s
2025/05/08,ロマンスの約束,幾田りら,https://www.youtube.com/watch?v=kB1xMFy557U&t=1098s
2025/05/08,小さなてのひら,Lia,https://www.youtube.com/watch?v=kB1xMFy557U&t=1547s
2025/05/08,また逢う日まで,平井大,https://www.youtube.com/watch?v=kB1xMFy557U&t=2229s
2025/05/08,Slow & Easy,平井大,https://www.youtube.com/watch?v=kB1xMFy557U&t=2553s
2025/05/08,風の向こうへ,嵐,https://www.youtube.com/watch?v=kB1xMFy557U&t=3571s
2025/05/08,115万キロのフィルム,Official髭男dism,https://www.youtube.com/watch?v=kB1xMFy557U&t=4023s
2025/05/08,ミックスナッツ,Official髭男dism,https://www.youtube.com/watch?v=kB1xMFy557U&t=4553s
2025/05/08,やさしさに包まれたなら,荒井由実,https://www.youtube.com/watch?v=kB1xMFy557U&t=5183s
2025/05/08,魔法の絨毯,川崎鷹也,https://www.youtube.com/watch?v=kB1xMFy557U&t=5535s
2025/05/08,忘れじの言の葉,未来古代楽団,https://www.youtube.com/watch?v=kB1xMFy557U&t=6083s
2025/04/17,真赤,My Hair is Bad,https://www.youtube.com/watch?v=nFVL8epjiuI&t=638s
2025/04/17,またねがあれば,risou,https://www.youtube.com/watch?v=nFVL8epjiuI&t=956s
2025/04/17,花に亡霊,ヨルシカ,https://www.youtube.com/watch?v=nFVL8epjiuI&t=1638s
2025/04/17,青と夏,Mrs. GREEN APPLE,https://www.youtube.com/watch?v=nFVL8epjiuI&t=2594s
2025/04/17,点描の唄,Mrs. GREEN APPLE,https://www.youtube.com/watch?v=nFVL8epjiuI&t=2823s
2025/04/17,夏色,ゆず,https://www.youtube.com/watch?v=nFVL8epjiuI&t=3279s
2025/04/17,KissHug,aiko,https://www.youtube.com/watch?v=nFVL8epjiuI&t=3998s
2025/04/17,星間飛行,ランカ・リー=中島愛,https://www.youtube.com/watch?v=nFVL8epjiuI&t=4186s
2025/04/17,僕らの戦場,ワルキューレ,https://www.youtube.com/watch?v=nFVL8epjiuI&t=4575s
2025/04/17,アスノヨゾラ哨戒班,Orangestar,https://www.youtube.com/watch?v=nFVL8epjiuI&t=4965s
2025/04/17,回る空うさぎ,Orangestar,https://www.youtube.com/watch?v=nFVL8epjiuI&t=5293s
2025/04/17,忘れじの言の葉,未来古代楽団,https://www.youtube.com/watch?v=nFVL8epjiuI&t=5628s
2025/04/17,君の知らない物語,supercell,https://www.youtube.com/watch?v=nFVL8epjiuI&t=6249s
2025/04/17,ファンサ,mona,https://www.youtube.com/watch?v=nFVL8epjiuI&t=6766s
2025/04/17,First Love,宇多田ヒカル,https://www.youtube.com/watch?v=nFVL8epjiuI&t=7246s
2025/04/17,アンパンマンのマーチ,ドリーミング,https://www.youtube.com/watch?v=nFVL8epjiuI&t=7566s
2025/04/17,ライオン,May'n & 中島愛,https://www.youtube.com/watch?v=nFVL8epjiuI&t=7856s
2025/04/17,鳥の詩,Lia,https://www.youtube.com/watch?v=nFVL8epjiuI&t=8273s
2025/03/29,カタオモイ,Aimer,https://www.youtube.com/watch?v=7q6pO3ev70w&t=535s
2025/03/29,点描の唄,Mrs. GREEN APPLE,https://www.youtube.com/watch?v=7q6pO3ev70w&t=896s
2025/03/29,突撃ラブハート,FIRE BOMBER,https://www.youtube.com/watch?v=7q6pO3ev70w&t=1391s
2025/03/29,Butter-Fly,和田光司,https://www.youtube.com/watch?v=7q6pO3ev70w&t=1832s
2025/03/29,Rolling star,Yui,https://www.youtube.com/watch?v=7q6pO3ev70w&t=2231s
2025/03/29,ノーダウト,Official髭男dism,https://www.youtube.com/watch?v=7q6pO3ev70w&t=2550s
2025/03/29,メロンソーダ,aiko,https://www.youtube.com/watch?v=7q6pO3ev70w&t=3208s
2025/03/29,鳥の詩,Lia,https://www.youtube.com/watch?v=7q6pO3ev70w&t=3726s
2024/06/20,TSUNAMI,サザンオールスターズ,https://www.youtube.com/watch?v=vSNe5fBLM60&t=362s
2024/06/20,カタオモイ,Aimer,https://www.youtube.com/watch?v=vSNe5fBLM60&t=913s
2024/06/20,secret base 〜君がくれたもの〜,ZONE,https://www.youtube.com/watch?v=vSNe5fBLM60&t=1307s
2024/06/20,花に亡霊,ヨルシカ,https://www.youtube.com/watch?v=vSNe5fBLM60&t=1815s
2024/06/20,ノーチラス,ヨルシカ,https://www.youtube.com/watch?v=vSNe5fBLM60&t=2251s
2024/06/20,ドライフラワー,優里,https://www.youtube.com/watch?v=vSNe5fBLM60&t=2713s
2024/06/20,ベテルギウス,優里,https://www.youtube.com/watch?v=vSNe5fBLM60&t=3199s
2024/06/20,栄光の架橋,ゆず,https://www.youtube.com/watch?v=vSNe5fBLM60&t=3681s
2024/06/20,レイニーブルー,德永英明,https://www.youtube.com/watch?v=vSNe5fBLM60&t=3941s
2024/06/20,回る空うさぎ,Orangestar,https://www.youtube.com/watch?v=vSNe5fBLM60&t=4207s
2024/06/20,からくりピエロ,40mP,https://www.youtube.com/watch?v=vSNe5fBLM60&t=4545s
2024/06/20,一度だけの恋なら,ワルキューレ,https://www.youtube.com/watch?v=vSNe5fBLM60&t=4995s
2024/06/20,なんでもないや,上白石萌音,https://www.youtube.com/watch?v=vSNe5fBLM60&t=5386s
2024/06/20,ハロ／ハワユ,ナノウ,https://www.youtube.com/watch?v=vSNe5fBLM60&t=5968s
2025/11/22,シンデレラボーイ,Saucy Dog,https://www.youtube.com/watch?v=HLjrudFJJyE&t=803s
2025/11/22,春泥棒,ヨルシカ,https://www.youtube.com/watch?v=HLjrudFJJyE&t=1202s
2025/11/22,Snow halation,μ's,https://www.youtube.com/watch?v=HLjrudFJJyE&t=1805s
2025/11/22,DAYBREAK FRONTLINE,Orangestar,https://www.youtube.com/watch?v=HLjrudFJJyE&t=2247s
2025/11/22,magnet,minato,https://www.youtube.com/watch?v=HLjrudFJJyE&t=2683s
2025/11/22,You,赤頬思春期,https://www.youtube.com/watch?v=HLjrudFJJyE&t=2863s
2025/11/22,"My Soul,Your Beats!",Lia,https://www.youtube.com/watch?v=HLjrudFJJyE&t=3293s
2025/11/22,Alchemy,Girls Dead Monster,https://www.youtube.com/watch?v=HLjrudFJJyE&t=3737s
2025/11/22,丸の内サディスティック,椎名林檎,https://www.youtube.com/watch?v=HLjrudFJJyE&t=4107s
2025/11/22,愛を伝えたいだとか,あいみょん,https://www.youtube.com/watch?v=HLjrudFJJyE&t=4423s
2025/11/22,アイロニ,すこっぷ,https://www.youtube.com/watch?v=HLjrudFJJyE&t=5152s
2025/11/22,ドライフラワー,優里,https://www.youtube.com/watch?v=HLjrudFJJyE&t=5760s
2025/11/22,可愛くてごめん,HoneyWorks,https://www.youtube.com/watch?v=HLjrudFJJyE&t=6127s
2025/11/06,夏恋花火,40mP,https://www.youtube.com/watch?v=Fjhdli5omZA&t=620s
2025/11/06,白い恋人達,桑田佳祐,https://www.youtube.com/watch?v=Fjhdli5omZA&t=1605s
2025/11/06,1・2・3,After the Rain,https://www.youtube.com/watch?v=Fjhdli5omZA&t=2404s
2025/11/06,ノーチラス,ヨルシカ,https://www.youtube.com/watch?v=Fjhdli5omZA&t=3801s
2025/11/06,TSUNAMI,サザンオールスターズ,https://www.youtube.com/watch?v=Fjhdli5omZA&t=4427s
2025/11/06,世界を終わらせて,Hump Back,https://www.youtube.com/watch?v=Fjhdli5omZA&t=1137s
2025/11/06,転がる岩、君に朝が降る,ASIAN KUNG-FU GENERATION,https://www.youtube.com/watch?v=Fjhdli5omZA&t=4236s
2025/11/06,sleep sleep feat. さとうもか,ぜったくん,https://www.youtube.com/watch?v=Fjhdli5omZA&t=4968s
2025/11/23,ドーナツホール,ハチ,https://www.youtube.com/watch?v=nw-Tl3utLvg&t=336s
2025/11/23,おちゃめ機能,ゴジマジP,https://www.youtube.com/watch?v=nw-Tl3utLvg&t=446s
2025/11/23,トンデモワンダーズ,sasakure.UK,https://www.youtube.com/watch?v=nw-Tl3utLvg&t=544s
2025/11/23,さようなら、花泥棒さん,メル,https://www.youtube.com/watch?v=nw-Tl3utLvg&t=811s
2025/11/23,千本桜,黒うさP,https://www.youtube.com/watch?v=nw-Tl3utLvg&t=1196s
2025/11/23,水流のロック,日食なつこ,https://www.youtube.com/watch?v=nw-Tl3utLvg&t=1502s
2025/11/23,裸の心,あいみょん,https://www.youtube.com/watch?v=nw-Tl3utLvg&t=1847s
2025/11/23,夜に駆ける,YOASOBI,https://www.youtube.com/watch?v=nw-Tl3utLvg&t=2003s
2025/11/23,怪物,YOASOBI,https://www.youtube.com/watch?v=nw-Tl3utLvg&t=2299s
2025/11/23,アイドル,YOASOBI,https://www.youtube.com/watch?v=nw-Tl3utLvg&t=2522s
2025/11/23,少女レイ,みきとP,https://www.youtube.com/watch?v=nw-Tl3utLvg&t=2946s
2025/11/23,かいしんのいちげき！,天月-あまつき-,https://www.youtube.com/watch?v=nw-Tl3utLvg&t=3448s
2025/11/23,トウキョウ・シャンディ・ランデヴ,MAISONdes,https://www.youtube.com/watch?v=nw-Tl3utLvg&t=3724s
2025/11/23,可愛くなりたい,HoneyWorks,https://www.youtube.com/watch?v=nw-Tl3utLvg&t=3977s
2025/11/23,シル・ヴ・プレジデント,P丸様。,https://www.youtube.com/watch?v=nw-Tl3utLvg&t=4265s
2025/11/23,ときめきブローカー,P丸様。,https://www.youtube.com/watch?v=nw-Tl3utLvg&t=4517s
2025/11/23,明日も,SHISHAMO,https://www.youtube.com/watch?v=nw-Tl3utLvg&t=4810s
2025/11/23,君と夏フェス,SHISHAMO,https://www.youtube.com/watch?v=nw-Tl3utLvg&t=5194s
2025/11/23,めくる世界、めぐる歌,しゆ。,https://www.youtube.com/watch?v=nw-Tl3utLvg&t=5494s
2025/07/12,やさしさに包まれたなら,荒井由実,https://www.youtube.com/watch?v=OEToB1fi4i4&t=291s
2025/07/12,ルージュの伝言,荒井由実,https://www.youtube.com/watch?v=OEToB1fi4i4&t=591s
2025/07/12,ひこうき雲,荒井由実,https://www.youtube.com/watch?v=OEToB1fi4i4&t=860s
2025/07/12,風になる,つじあやの,https://www.youtube.com/watch?v=OEToB1fi4i4&t=1207s
2025/07/12,カントリー・ロード,本名陽子,https://www.youtube.com/watch?v=OEToB1fi4i4&t=1719s
2025/07/12,君をのせて,井上あずみ,https://www.youtube.com/watch?v=OEToB1fi4i4&t=2217s
2025/07/12,テルーの唄,手嶌葵,https://www.youtube.com/watch?v=OEToB1fi4i4&t=2582s
2025/01/29,コネクト,ClariS,https://www.youtube.com/watch?v=R-xZV8fUX-E&t=486s
2025/01/29,ロキ,みきとP,https://www.youtube.com/watch?v=R-xZV8fUX-E&t=821s
2025/01/29,クノイチでも恋がしたい,みきとP,https://www.youtube.com/watch?v=R-xZV8fUX-E&t=1280s
2025/01/29,打上花火,DAOKO × 米津玄師,https://www.youtube.com/watch?v=R-xZV8fUX-E&t=1876s
2025/01/29,灰色と青,米津玄師,https://www.youtube.com/watch?v=R-xZV8fUX-E&t=2258s
2025/01/29,magnet,minato,https://www.youtube.com/watch?v=R-xZV8fUX-E&t=2794s
2025/01/29,アイデンティティ,Kanaria,https://www.youtube.com/watch?v=R-xZV8fUX-E&t=3073s
2025/01/29,ライオン,May'n & 中島愛,https://www.youtube.com/watch?v=R-xZV8fUX-E&t=3807s
2024/07/20,噓月,ヨルシカ,https://www.youtube.com/watch?v=gIXFxYDCOB4&t=680s
2024/07/20,晴る,ヨルシカ,https://www.youtube.com/watch?v=gIXFxYDCOB4&t=1191s
2024/07/20,宿命,Official髭男dism,https://www.youtube.com/watch?v=gIXFxYDCOB4&t=1670s
2024/07/20,夏祭り,Whiteberry,https://www.youtube.com/watch?v=gIXFxYDCOB4&t=2173s
2024/07/20,明日への手紙,手嶌葵,https://www.youtube.com/watch?v=gIXFxYDCOB4&t=2794s
2024/07/20,ロビンソン,スピッツ,https://www.youtube.com/watch?v=gIXFxYDCOB4&t=3235s
2024/07/20,美しい鰭,スピッツ,https://www.youtube.com/watch?v=gIXFxYDCOB4&t=4082s
2024/07/20,オオカミと少女,宮崎歩,https://www.youtube.com/watch?v=gIXFxYDCOB4&t=3782s
2024/10/10,Meteor-ミーティア-,T.M.Revolution,https://www.youtube.com/watch?v=usCLro5dX2M&t=625s
2024/10/10,Life is tasty!,燦鳥ノム,https://www.youtube.com/watch?v=usCLro5dX2M&t=1027s
2024/10/10,Happiness,Che'Nelle,https://www.youtube.com/watch?v=usCLro5dX2M&t=1379s
2024/10/10,MERMAID,じん,https://www.youtube.com/watch?v=usCLro5dX2M&t=2179s
2024/10/10,花の塔,さユり,https://www.youtube.com/watch?v=usCLro5dX2M&t=3740s
2024/10/10,あの娘シークレット,Eve,https://www.youtube.com/watch?v=usCLro5dX2M&t=4401s
2024/10/10,ツギハギスタッカート,とあ,https://www.youtube.com/watch?v=usCLro5dX2M&t=4648s
2024/10/10,メロンソーダ,aiko,https://www.youtube.com/watch?v=usCLro5dX2M&t=5118s
2024/10/10,高嶺の花子さん,back number,https://www.youtube.com/watch?v=usCLro5dX2M&t=5550s
2025/06/03,ウィーアー!,きただにひろし,https://www.youtube.com/watch?v=HrD5tSvqaoc&t=247s
2025/06/03,私は最強,Ado,https://www.youtube.com/watch?v=HrD5tSvqaoc&t=634s
2025/06/03,Pray,Tommy heavenly6,https://www.youtube.com/watch?v=HrD5tSvqaoc&t=1032s
2025/06/03,かさなる影,Hearts Grow,https://www.youtube.com/watch?v=HrD5tSvqaoc&t=1325s
2025/06/03,Cagayake!GIRLS,桜高軽音部,https://www.youtube.com/watch?v=HrD5tSvqaoc&t=1610s
2025/06/03,Dont saylazy,桜高軽音部,https://www.youtube.com/watch?v=HrD5tSvqaoc&t=1931s
2025/06/03,タッチ,岩崎良美,https://www.youtube.com/watch?v=HrD5tSvqaoc&t=2588s
2025/06/03,残酷な天使のテーゼ,高橋洋子,https://www.youtube.com/watch?v=HrD5tSvqaoc&t=3106s
2025/06/03,ひまわりの約束,秦基博,https://www.youtube.com/watch?v=HrD5tSvqaoc&t=3601s
2025/06/03,you,癒月,https://www.youtube.com/watch?v=HrD5tSvqaoc&t=3983s
2025/06/03,ダイアモンド クレバス,シェリル・ノーム starring May'n,https://www.youtube.com/watch?v=HrD5tSvqaoc&t=4307s
2025/06/03,星間飛行,ランカ・リー＝中島愛,https://www.youtube.com/watch?v=HrD5tSvqaoc&t=4467s
2025/06/03,転がる岩、君に朝が降る,ASIAN KUNG-FU GENERATION,https://www.youtube.com/watch?v=HrD5tSvqaoc&t=4888s
2025/06/03,サザエさん,宇野ゆう子,https://www.youtube.com/watch?v=HrD5tSvqaoc&t=5195s
2025/06/03,創聖のアクエリオン,AKINO from bless4,https://www.youtube.com/watch?v=HrD5tSvqaoc&t=3498s
2025/10/02,セプテンバーさん,RADWIMPS,https://www.youtube.com/watch?v=bkqubcoSRl0&t=2225s
2025/10/02,晴る,ヨルシカ,https://www.youtube.com/watch?v=bkqubcoSRl0&t=2662s
2025/10/02,夜明けと蛍,n-buna,https://www.youtube.com/watch?v=bkqubcoSRl0&t=3080s
2025/10/02,打上花火,DAOKO×米津玄師,https://www.youtube.com/watch?v=bkqubcoSRl0&t=3439s
2025/10/02,憂一乗,ヨルシカ,https://www.youtube.com/watch?v=bkqubcoSRl0&t=3793s
2025/10/02,高嶺の花子さん,back number,https://www.youtube.com/watch?v=bkqubcoSRl0&t=4709s
2025/10/02,点描の唄,Mrs. GREEN APPLE,https://www.youtube.com/watch?v=bkqubcoSRl0&t=5406s
2025/10/02,ヒカリヘ,miwa,https://www.youtube.com/watch?v=bkqubcoSRl0&t=5838s
2025/04/04,からくりピエロ,40mP,https://www.youtube.com/watch?v=dPxqj6VEkKs&t=496s
2025/04/04,夏恋花火,40mP,https://www.youtube.com/watch?v=dPxqj6VEkKs&t=822s
2025/04/04,世界は恋に落ちている,CHiCO with HoneyWorks,https://www.youtube.com/watch?v=dPxqj6VEkKs&t=1327s
2025/04/04,ひまわりの約束,秦基博,https://www.youtube.com/watch?v=dPxqj6VEkKs&t=2006s
2025/04/04,怪獣,サカナクション,https://www.youtube.com/watch?v=dPxqj6VEkKs&t=2530s
2025/04/04,テルーの唄,手嶌葵,https://www.youtube.com/watch?v=dPxqj6VEkKs&t=3399s
2025/05/03,今夜このまま,あいみょん,https://www.youtube.com/watch?v=BYhWda29cxw&t=370s
2025/05/03,ただ君に晴れ,ヨルシカ,https://www.youtube.com/watch?v=BYhWda29cxw&t=635s
2025/05/03,異端なスター,Official髭男dism,https://www.youtube.com/watch?v=BYhWda29cxw&t=1015s
2025/05/03,憂一乗,ヨルシカ,https://www.youtube.com/watch?v=BYhWda29cxw&t=1406s
2025/05/03,366日,HY,https://www.youtube.com/watch?v=BYhWda29cxw&t=1850s
2025/05/03,いのちの名前,木村弓,https://www.youtube.com/watch?v=BYhWda29cxw&t=2623s
2025/05/03,儚くない,SUPER BEAVER,https://www.youtube.com/watch?v=BYhWda29cxw&t=3239s
2025/05/03,回る空うさぎ,Orangestar,https://www.youtube.com/watch?v=BYhWda29cxw&t=4333s
2025/05/03,ただ君に晴れ,ヨルシカ,https://www.youtube.com/watch?v=BYhWda29cxw&t=4832s
2025/05/03,ベテルギウス,優里,https://www.youtube.com/watch?v=BYhWda29cxw&t=5147s
2025/05/03,ミックスナッツ,Official髭男dism,https://www.youtube.com/watch?v=BYhWda29cxw&t=5513s
2024/08/05,風になる,つじあやの,https://www.youtube.com/watch?v=waIzQnTKCpA&t=562s
2024/08/05,ツギハギスタッカート,とあ,https://www.youtube.com/watch?v=waIzQnTKCpA&t=1030s
2024/08/05,メルト,ryo,https://www.youtube.com/watch?v=waIzQnTKCpA&t=1478s
2024/08/05,アスノヨゾラ哨戒班,Orangestar,https://www.youtube.com/watch?v=waIzQnTKCpA&t=1934s
2024/08/05,トリセツ,西野カナ,https://www.youtube.com/watch?v=waIzQnTKCpA&t=2302s
2024/08/05,SUMMER SONG,YUI,https://www.youtube.com/watch?v=waIzQnTKCpA&t=2689s
2024/08/05,KissHug,aiko,https://www.youtube.com/watch?v=waIzQnTKCpA&t=3014s
2024/08/05,StaRt,Mrs. GREEN APPLE,https://www.youtube.com/watch?v=waIzQnTKCpA&t=3505s
2024/08/05,ダンスホール,Mrs. GREEN APPLE,https://www.youtube.com/watch?v=waIzQnTKCpA&t=4027s
2024/08/05,Soranji,Mrs. GREEN APPLE,https://www.youtube.com/watch?v=waIzQnTKCpA&t=4277s
2024/08/05,ライラック,Mrs. GREEN APPLE,https://www.youtube.com/watch?v=waIzQnTKCpA&t=4527s
2024/08/05,春愁,Mrs. GREEN APPLE,https://www.youtube.com/watch?v=waIzQnTKCpA&t=5090s
2024/08/05,点描の唄,Mrs. GREEN APPLE,https://www.youtube.com/watch?v=waIzQnTKCpA&t=5348s
2024/07/11,破滅の純情,ワルキューレ,https://www.youtube.com/watch?v=DA_os9vigpI&t=450s
2024/07/11,にじいろ,絢香,https://www.youtube.com/watch?v=DA_os9vigpI&t=846s
2024/07/11,いつも何度でも,木村弓,https://www.youtube.com/watch?v=DA_os9vigpI&t=1209s
2024/07/11,ひこうき雲,松任谷由実,https://www.youtube.com/watch?v=DA_os9vigpI&t=1428s
2024/07/11,115万キロのフィルム,Official髭男dism,https://www.youtube.com/watch?v=DA_os9vigpI&t=1896s
2024/07/11,ワガママ,Nissy,https://www.youtube.com/watch?v=DA_os9vigpI&t=2503s
2024/07/11,明日への扉,I WiSH,https://www.youtube.com/watch?v=DA_os9vigpI&t=3015s
2024/07/11,蝶々結び,Aimer,https://www.youtube.com/watch?v=DA_os9vigpI&t=3569s
2024/07/11,コイワズライ,Aimer,https://www.youtube.com/watch?v=DA_os9vigpI&t=3837s
2024/07/11,？.夜空。feat. ハジ→,miwa,https://www.youtube.com/watch?v=DA_os9vigpI&t=4268s
2024/07/11,ユニバース,夏代孝明,https://www.youtube.com/watch?v=DA_os9vigpI&t=4880s
2024/07/11,少女レイ,みきとP,https://www.youtube.com/watch?v=DA_os9vigpI&t=5315s
2024/07/11,レオ,優里,https://www.youtube.com/watch?v=DA_os9vigpI&t=5684s
2024/07/11,シンデレラボーイ,Saucy Dog,https://www.youtube.com/watch?v=DA_os9vigpI&t=6097s
2024/07/11,気まぐれロマンティック,いきものがかり,https://www.youtube.com/watch?v=DA_os9vigpI&t=6543s
2024/07/11,星間飛行,ランカ・リー＝中島愛,https://www.youtube.com/watch?v=DA_os9vigpI&t=7005s
2025/09/14,メロンソーダ,aiko,https://www.youtube.com/watch?v=hUkLxGweQ3k&t=941s
2025/09/14,平成ペイン,go!go!vanillas,https://www.youtube.com/watch?v=hUkLxGweQ3k&t=1423s
2025/09/14,全力少年,スキマスイッチ,https://www.youtube.com/watch?v=hUkLxGweQ3k&t=1771s
2025/09/14,いのちの名前,木村弓,https://www.youtube.com/watch?v=hUkLxGweQ3k&t=2193s
2025/09/14,テルーの唄,手嶌葵,https://www.youtube.com/watch?v=hUkLxGweQ3k&t=3441s
2025/09/14,明日への扉,I WiSH,https://www.youtube.com/watch?v=hUkLxGweQ3k&t=3835s
2025/09/14,夏色,ゆず,https://www.youtube.com/watch?v=hUkLxGweQ3k&t=4246s
2025/09/14,Butterfly,木村カエラ,https://www.youtube.com/watch?v=hUkLxGweQ3k&t=2529s
2025/09/14,赤鼻のトナカイ,クリスマスソング,https://www.youtube.com/watch?v=hUkLxGweQ3k&t=3179s
2024/08/22,ひこうき雲,松任谷由実,https://www.youtube.com/watch?v=k60BfCCGGJU&t=530s
2024/08/22,葛飾ラプソディ,紅い流星 堂島考平,https://www.youtube.com/watch?v=k60BfCCGGJU&t=1455s
2024/08/22,T.A.O.,じん,https://www.youtube.com/watch?v=k60BfCCGGJU&t=1835s
2024/08/22,心拍数#0822,蝶々P,https://www.youtube.com/watch?v=k60BfCCGGJU&t=2443s
2024/08/22,aimai,瀬名航,https://www.youtube.com/watch?v=k60BfCCGGJU&t=2713s
2024/08/22,嘘月,ヨルシカ,https://www.youtube.com/watch?v=k60BfCCGGJU&t=3156s
2024/08/22,晩餐歌,Tuki.,https://www.youtube.com/watch?v=k60BfCCGGJU&t=3645s
2024/08/22,ハナミズキ,一青窈,https://www.youtube.com/watch?v=k60BfCCGGJU&t=4237s
2024/08/22,secret base 〜君がくれたもの〜,ZONE,https://www.youtube.com/watch?v=k60BfCCGGJU&t=4738s
2024/08/22,Absolute5,ワルキューレ,https://www.youtube.com/watch?v=k60BfCCGGJU&t=5473s
2024/08/22,渡月橋 ～君 想ふ～,倉木麻衣,https://www.youtube.com/watch?v=k60BfCCGGJU&t=6120s
2024/08/22,回る空うさぎ,Orangestar,https://www.youtube.com/watch?v=k60BfCCGGJU&t=6472s
2025/10/13,怪獣,サカナクション,https://www.youtube.com/watch?v=Z3-ePQcZXBw&t=576s
2025/10/13,Pretender,Official髭男dism,https://www.youtube.com/watch?v=Z3-ePQcZXBw&t=933s
2025/10/13,イエスタデイ,Official髭男dism,https://www.youtube.com/watch?v=Z3-ePQcZXBw&t=1271s
2025/10/13,心做し,蝶々P,https://www.youtube.com/watch?v=Z3-ePQcZXBw&t=1709s
2025/10/13,粉雪,レミオロメン,https://www.youtube.com/watch?v=Z3-ePQcZXBw&t=2213s
2025/10/13,夜撫でるメノウ,Ayase,https://www.youtube.com/watch?v=Z3-ePQcZXBw&t=2656s
2025/10/13,クリスマスソング,back number,https://www.youtube.com/watch?v=Z3-ePQcZXBw&t=2984s
2025/10/13,TSUNAMI,サザンオールスターズ,https://www.youtube.com/watch?v=Z3-ePQcZXBw&t=3213s
2025/10/13,Blue Jeans,HANA,https://www.youtube.com/watch?v=Z3-ePQcZXBw&t=3734s
2025/10/13,なんでもないや,RADWIMPS,https://www.youtube.com/watch?v=Z3-ePQcZXBw&t=4142s
2025/10/13,3月9日,レミオロメン,https://www.youtube.com/watch?v=Z3-ePQcZXBw&t=4683s
2025/05/07,からくりピエロ,40mP,https://www.youtube.com/watch?v=koRHtsKpha0&t=337s
2025/05/07,ハロ／ハワユ,ナノウ,https://www.youtube.com/watch?v=koRHtsKpha0&t=651s
2025/05/07,夜明けと蛍,n-buna,https://www.youtube.com/watch?v=koRHtsKpha0&t=1017s
2025/05/07,少女レイ,みきとP,https://www.youtube.com/watch?v=koRHtsKpha0&t=1392s
2025/05/07,ウミユリ海底譚,n-buna,https://www.youtube.com/watch?v=koRHtsKpha0&t=1851s
2025/05/07,あなたの夜が明けるまで,傘村トータ,https://www.youtube.com/watch?v=koRHtsKpha0&t=2654s
2025/05/07,キャットラビング,香椎モイミ,https://www.youtube.com/watch?v=koRHtsKpha0&t=3036s
2025/05/07,from Y to Y,ジミーサムP,https://www.youtube.com/watch?v=koRHtsKpha0&t=3388s
2025/05/07,夜もすがら君想ふ,TOKOTOKO,https://www.youtube.com/watch?v=koRHtsKpha0&t=3748s
2025/05/07,強風オールバック,ゆこぴ,https://www.youtube.com/watch?v=koRHtsKpha0&t=4057s
2025/05/07,Booo!,TOKOTOKO,https://www.youtube.com/watch?v=koRHtsKpha0&t=4217s
2025/05/07,おちゃめ機能,ゴジマジP,https://www.youtube.com/watch?v=koRHtsKpha0&t=4321s
2025/05/07,メランコリック,Junky,https://www.youtube.com/watch?v=koRHtsKpha0&t=4679s
2025/05/07,アスノヨゾラ哨戒班,Orangestar,https://www.youtube.com/watch?v=koRHtsKpha0&t=5313s
2025/05/07,アイロニ,すこっぷ,https://www.youtube.com/watch?v=koRHtsKpha0&t=5799s
2025/05/07,千本桜,黒うさP,https://www.youtube.com/watch?v=koRHtsKpha0&t=6169s
2025/05/07,おじゃま虫,DECO*27,https://www.youtube.com/watch?v=koRHtsKpha0&t=6797s
2024/09/26,シンデレラボーイ,Saucy Dog,https://www.youtube.com/watch?v=RvhNgHeix9I&t=664s
2024/09/26,世界に一つだけの花,SMAP,https://www.youtube.com/watch?v=RvhNgHeix9I&t=1361s
2024/09/26,ブルーバード,いきものがかり,https://www.youtube.com/watch?v=RvhNgHeix9I&t=1844s
2024/09/26,少女S,SCANDAL,https://www.youtube.com/watch?v=RvhNgHeix9I&t=2369s
2024/09/26,曇天,DOES,https://www.youtube.com/watch?v=RvhNgHeix9I&t=2764s
2024/09/26,銀色の空,redballoon,https://www.youtube.com/watch?v=RvhNgHeix9I&t=3279s
2024/09/26,晴る,ヨルシカ,https://www.youtube.com/watch?v=RvhNgHeix9I&t=4192s
2025/04/11,少女レイ,みきとP,https://www.youtube.com/watch?v=ZsdmlqOCLwE&t=451s
2025/04/11,ダーリンダンス,かいりきベア,https://www.youtube.com/watch?v=ZsdmlqOCLwE&t=790s
2025/04/11,トンデモワンダーズ,sasakure.UK,https://www.youtube.com/watch?v=ZsdmlqOCLwE&t=1088s
2025/04/11,怪獣,サカナクション,https://www.youtube.com/watch?v=ZsdmlqOCLwE&t=1393s
2025/04/11,メロウ,須田景凪,https://www.youtube.com/watch?v=ZsdmlqOCLwE&t=1766s
2025/04/11,StaRt,Mrs. GREEN APPLE,https://www.youtube.com/watch?v=ZsdmlqOCLwE&t=2080s
2025/04/11,私は最強,Ado,https://www.youtube.com/watch?v=ZsdmlqOCLwE&t=2389s
2025/04/11,アスノヨゾラ哨戒班,Orangestar,https://www.youtube.com/watch?v=ZsdmlqOCLwE&t=2863s
2025/04/11,雨き声残響,Orangestar,https://www.youtube.com/watch?v=ZsdmlqOCLwE&t=3136s
2025/04/11,スイートマジック,Junky,https://www.youtube.com/watch?v=ZsdmlqOCLwE&t=3428s
2025/04/11,With a Wish,鬼頭明里,https://www.youtube.com/watch?v=ZsdmlqOCLwE&t=4280s
2025/04/11,God Bless You,ワルキューレ,https://www.youtube.com/watch?v=ZsdmlqOCLwE&t=5272s
2025/04/11,AXIA ～ダイスキでダイキライ～,ワルキューレ,https://www.youtube.com/watch?v=ZsdmlqOCLwE&t=5694s
2025/04/11,GIRAFFE BLUES,ワルキューレ,https://www.youtube.com/watch?v=ZsdmlqOCLwE&t=6130s
2025/06/05,シンデレラボーイ,Saucy Dog,https://www.youtube.com/watch?v=6wlmD5U8h-4&t=468s
2025/06/05,斜陽,ヨルシカ,https://www.youtube.com/watch?v=6wlmD5U8h-4&t=996s
2025/06/05,春泥棒,ヨルシカ,https://www.youtube.com/watch?v=6wlmD5U8h-4&t=1305s
2025/06/05,浮気されたけどまだ好きって曲。,りりあ。,https://www.youtube.com/watch?v=6wlmD5U8h-4&t=1763s
2025/06/05,たばこ,コレサワ,https://www.youtube.com/watch?v=6wlmD5U8h-4&t=2044s
2025/06/05,いつも何度でも,木村弓,https://www.youtube.com/watch?v=6wlmD5U8h-4&t=3011s
2025/06/05,フラレガイガール,さユり,https://www.youtube.com/watch?v=6wlmD5U8h-4&t=3566s
2025/06/05,SUMMER SONG,YUI,https://www.youtube.com/watch?v=6wlmD5U8h-4&t=3832s
2025/06/05,気まぐれロマンティック,いきものがかり,https://www.youtube.com/watch?v=6wlmD5U8h-4&t=4185s
2025/06/05,愛をこめて花束を,Superfly,https://www.youtube.com/watch?v=6wlmD5U8h-4&t=4561s
2025/06/05,アイノカタチ,MISIA,https://www.youtube.com/watch?v=6wlmD5U8h-4&t=5073s
2025/06/05,マリーゴールド,あいみょん,https://www.youtube.com/watch?v=6wlmD5U8h-4&t=5499s
2024/06/27,嘘月,ヨルシカ,https://www.youtube.com/watch?v=NvqxkpOpMUE&t=536s
2024/06/27,1・2・3,After the Rain,https://www.youtube.com/watch?v=NvqxkpOpMUE&t=960s
2024/06/27,チェリー,スピッツ,https://www.youtube.com/watch?v=NvqxkpOpMUE&t=1523s
2024/06/27,シルエット,KANA-BOON,https://www.youtube.com/watch?v=NvqxkpOpMUE&t=2124s
2024/06/27,だんご大家族,茶太,https://www.youtube.com/watch?v=NvqxkpOpMUE&t=2683s
2024/06/27,夜明けと蛍,n-buna,https://www.youtube.com/watch?v=NvqxkpOpMUE&t=3098s
2024/06/27,勇者,YOASOBI,https://www.youtube.com/watch?v=NvqxkpOpMUE&t=3400s
2024/06/27,君の知らない物語,supercell,https://www.youtube.com/watch?v=NvqxkpOpMUE&t=3789s
2024/06/27,恋愛サーキュレーション,千石撫子,https://www.youtube.com/watch?v=NvqxkpOpMUE&t=4263s
2024/06/27,secret base～君がくれたもの～,ZONE,https://www.youtube.com/watch?v=NvqxkpOpMUE&t=4842s
2024/06/27,シリウスの心臓,ヰ世界情緒,https://www.youtube.com/watch?v=NvqxkpOpMUE&t=5388s
2024/06/27,カントリー・ロード,本名陽子,https://www.youtube.com/watch?v=NvqxkpOpMUE&t=6442s
2024/06/27,やさしさに包まれたなら,荒井由実,https://www.youtube.com/watch?v=NvqxkpOpMUE&t=6820s
2024/06/27,テルーの唄,手嶌葵,https://www.youtube.com/watch?v=NvqxkpOpMUE&t=7319s
2024/06/27,君をのせて,井上あずみ,https://www.youtube.com/watch?v=NvqxkpOpMUE&t=7870s
2024/06/27,ガーネット,奥華子,https://www.youtube.com/watch?v=NvqxkpOpMUE&t=8337s
2024/06/27,秒針を噛む,ずっと真夜中でいいのに。,https://www.youtube.com/watch?v=NvqxkpOpMUE&t=9286s
2024/06/27,平成ペイン,go!go!vanillas,https://www.youtube.com/watch?v=NvqxkpOpMUE&t=9853s
2024/06/27,ブルーバード,いきものがかり,https://www.youtube.com/watch?v=NvqxkpOpMUE&t=10088s
2024/06/27,希望の轍,サザンオールスターズ,https://www.youtube.com/watch?v=NvqxkpOpMUE&t=10321s
2024/07/22,全力少年,スキマスイッチ,https://www.youtube.com/watch?v=pBhqsbRfWaI&t=829s
2024/07/22,ロマンスの約束,幾田りら,https://www.youtube.com/watch?v=pBhqsbRfWaI&t=1238s
2024/07/22,ベテルギウス,優里,https://www.youtube.com/watch?v=pBhqsbRfWaI&t=1456s
2024/07/22,トウキョウ・シャンディ・ランデヴ,MAISONdes,https://www.youtube.com/watch?v=pBhqsbRfWaI&t=1909s
2024/07/22,千本桜,黒うさP,https://www.youtube.com/watch?v=pBhqsbRfWaI&t=2350s
2024/07/22,アイモ～鳥のひと,ランカ・リー=中島愛,https://www.youtube.com/watch?v=pBhqsbRfWaI&t=2860s
2024/07/22,僕らの戦場,ワルキューレ,https://www.youtube.com/watch?v=pBhqsbRfWaI&t=3302s
2024/07/22,ココロのちず,BOYSTYLE,https://www.youtube.com/watch?v=pBhqsbRfWaI&t=3836s
2024/07/22,ビンクスの酒,麦わらの一味,https://www.youtube.com/watch?v=pBhqsbRfWaI&t=4270s
2024/07/22,丸の内サディスティック,椎名林檎,https://www.youtube.com/watch?v=pBhqsbRfWaI&t=4724s
2024/07/22,熱帯夜,SHISHAMO,https://www.youtube.com/watch?v=pBhqsbRfWaI&t=5255s
2024/07/22,ゆるふわ樹海ガール,"石風呂,しゃむおん",https://www.youtube.com/watch?v=pBhqsbRfWaI&t=5738s
2024/07/22,magnet,minato,https://www.youtube.com/watch?v=pBhqsbRfWaI&t=6093s
2024/07/22,忘れじの言の葉,未来古代楽団,https://www.youtube.com/watch?v=pBhqsbRfWaI&t=6375s
2024/08/20,ぎゅっと。,もさを。,https://www.youtube.com/watch?v=5SBsYuleKC4&t=542s
2024/08/20,シリウスの心臓,ヰ世界情緒,https://www.youtube.com/watch?v=5SBsYuleKC4&t=856s
2024/08/20,Sacred world,RAISE A SUILEN,https://www.youtube.com/watch?v=5SBsYuleKC4&t=1406s
2024/08/20,シンデレラボーイ,Saucy Dog,https://www.youtube.com/watch?v=5SBsYuleKC4&t=1840s
2024/08/20,突撃ラブハート,FIRE BOMBER,https://www.youtube.com/watch?v=5SBsYuleKC4&t=2362s
2024/08/20,星間飛行,ランカ・リー＝中島愛,https://www.youtube.com/watch?v=5SBsYuleKC4&t=2785s
2024/08/20,ダイアモンドクレバス,- シェリル・ノーム starring May'n,https://www.youtube.com/watch?v=5SBsYuleKC4&t=3221s
2024/08/20,僕らの戦場,ワルキューレ,https://www.youtube.com/watch?v=5SBsYuleKC4&t=3520s
2024/08/20,君はロックを聴かない,あいみょん,https://www.youtube.com/watch?v=5SBsYuleKC4&t=4090s
2024/08/20,ひとりごつ,ハチワレ,https://www.youtube.com/watch?v=5SBsYuleKC4&t=4534s
2024/08/20,少女レイ,みきとP,https://www.youtube.com/watch?v=5SBsYuleKC4&t=4760s
2024/12/19,からくりピエロ,40mP,https://www.youtube.com/watch?v=_JaJVpoUwmw&t=616s
2024/12/19,あの夢をなぞって,YOASOBI,https://www.youtube.com/watch?v=_JaJVpoUwmw&t=1120s
2024/12/19,真赤,My Hair is Bad,https://www.youtube.com/watch?v=_JaJVpoUwmw&t=1757s
2024/12/19,かわいいだけじゃだめですか？,CUTIE STREET,https://www.youtube.com/watch?v=_JaJVpoUwmw&t=2244s
2024/12/19,君は薔薇より美しい,布施明,https://www.youtube.com/watch?v=_JaJVpoUwmw&t=3105s
2024/12/19,忘れじの言の葉,未来古代楽団,https://www.youtube.com/watch?v=_JaJVpoUwmw&t=3459s
2024/12/19,僕らの戦場,ワルキューレ,https://www.youtube.com/watch?v=_JaJVpoUwmw&t=4030s
2024/12/19,ルンがピカッと光ったら,ワルキューレ,https://www.youtube.com/watch?v=_JaJVpoUwmw&t=4403s
2024/12/19,風になる,つじあやの,https://www.youtube.com/watch?v=_JaJVpoUwmw&t=4757s
2024/12/19,晩餐歌,tuki.,https://www.youtube.com/watch?v=_JaJVpoUwmw&t=5333s
2024/12/19,ミックスナッツ,Official髭男dism,https://www.youtube.com/watch?v=_JaJVpoUwmw&t=5868s
2024/12/19,嘘月,ヨルシカ,https://www.youtube.com/watch?v=_JaJVpoUwmw&t=6347s
2024/07/02,チノカテ,ヨルシカ,https://www.youtube.com/watch?v=WFbFaZxECMQ&t=794s
2024/07/02,チェリー,スピッツ,https://www.youtube.com/watch?v=WFbFaZxECMQ&t=1169s
2024/07/02,別の人の彼女になったよ,wacci,https://www.youtube.com/watch?v=WFbFaZxECMQ&t=1595s
2024/07/02,GIRAFFE BLUES,ワルキューレ,https://www.youtube.com/watch?v=WFbFaZxECMQ&t=2137s
2024/07/02,恋におちて〜Fall in love〜,小林明子,https://www.youtube.com/watch?v=WFbFaZxECMQ&t=2502s
2024/07/02,YUME日和,島谷ひとみ,https://www.youtube.com/watch?v=WFbFaZxECMQ&t=2870s
2024/07/02,たばこ,コレサワ,https://www.youtube.com/watch?v=WFbFaZxECMQ&t=3170s
2024/07/02,君は薔薇より美しい,布施明,https://www.youtube.com/watch?v=WFbFaZxECMQ&t=3787s
2024/07/02,3月9日,レミオロメン,https://www.youtube.com/watch?v=WFbFaZxECMQ&t=4205s
2024/07/02,T.A.O.,じん,https://www.youtube.com/watch?v=WFbFaZxECMQ&t=4673s
2024/07/02,Meteor-ミーティア-,T.M.Revolution,https://www.youtube.com/watch?v=WFbFaZxECMQ&t=5129s
2024/07/02,Rolling star,Yui,https://www.youtube.com/watch?v=WFbFaZxECMQ&t=6247s
2024/11/10,点描の唄,Mrs. GREEN APPLE,https://www.youtube.com/watch?v=HM7S-Cj3Cs8&t=461s
2024/11/10,YUME日和,島谷ひとみ,https://www.youtube.com/watch?v=HM7S-Cj3Cs8&t=971s
2024/11/10,回る空うさぎ,Orangestar,https://www.youtube.com/watch?v=HM7S-Cj3Cs8&t=1558s
2024/11/10,"One more time, One more chance",山崎まさよし,https://www.youtube.com/watch?v=HM7S-Cj3Cs8&t=2015s
2024/11/10,花に亡霊,ヨルシカ,https://www.youtube.com/watch?v=HM7S-Cj3Cs8&t=2770s
2024/11/10,嘘月,ヨルシカ,https://www.youtube.com/watch?v=HM7S-Cj3Cs8&t=3130s
2024/11/10,シリウスの心臓,ヰ世界情緒,https://www.youtube.com/watch?v=HM7S-Cj3Cs8&t=3988s
2025/09/24,だから僕は音楽を辞めた,ヨルシカ,https://www.youtube.com/watch?v=ceffxHFv7N4&t=246s
2025/09/24,Pretender,Official髭男dism,https://www.youtube.com/watch?v=ceffxHFv7N4&t=632s
2025/09/24,セプテンバーさん,RADWIMPS,https://www.youtube.com/watch?v=ceffxHFv7N4&t=1180s
2025/09/24,愛をこめて花束を,Superfly,https://www.youtube.com/watch?v=ceffxHFv7N4&t=1571s
2025/09/24,アスノヨゾラ哨戒班,Orangestar,https://www.youtube.com/watch?v=ceffxHFv7N4&t=2013s
2025/09/24,火星人,ヨルシカ,https://www.youtube.com/watch?v=ceffxHFv7N4&t=2354s
2025/09/24,斜陽,ヨルシカ,https://www.youtube.com/watch?v=ceffxHFv7N4&t=2443s
2025/09/24,ベテルギウス,優里,https://www.youtube.com/watch?v=ceffxHFv7N4&t=2838s
2025/09/24,チェリー,スピッツ,https://www.youtube.com/watch?v=ceffxHFv7N4&t=3196s
2025/09/24,チョコレイト・ディスコ,Perfume,https://www.youtube.com/watch?v=ceffxHFv7N4&t=3494s
2025/09/24,秒針を噛む,ずっと真夜中でいいのに。,https://www.youtube.com/watch?v=ceffxHFv7N4&t=3656s
2025/09/24,晩餐歌,tuki.,https://www.youtube.com/watch?v=ceffxHFv7N4&t=4405s
2025/09/24,10月無口な君を忘れる,あたらよ,https://www.youtube.com/watch?v=ceffxHFv7N4&t=4816s
2025/09/24,366日,HY,https://www.youtube.com/watch?v=ceffxHFv7N4&t=4953s
2025/09/24,私は最強,Ado,https://www.youtube.com/watch?v=ceffxHFv7N4&t=5488s
2025/09/24,めくる世界、めぐる歌,しゆ。,https://www.youtube.com/watch?v=ceffxHFv7N4&t=5893s
2025/09/24,明日も,SHISHAMO,https://www.youtube.com/watch?v=ceffxHFv7N4&t=6302s
2025/09/25,突撃ラブハート,FIRE BOMBER,https://www.youtube.com/watch?v=hdWHcih-DSA&t=792s
2025/09/25,破滅の純情,ワルキューレ,https://www.youtube.com/watch?v=hdWHcih-DSA&t=1114s
2025/09/25,かわいいだけじゃだめですか？,CUTIE STREET,https://www.youtube.com/watch?v=hdWHcih-DSA&t=1531s
2025/09/25,チェリボム,SILENT SIREN,https://www.youtube.com/watch?v=hdWHcih-DSA&t=1959s
2025/09/25,八月の夜,SILENT SIREN,https://www.youtube.com/watch?v=hdWHcih-DSA&t=2160s
2025/09/25,secret base ～君がくれたもの～,ZONE,https://www.youtube.com/watch?v=hdWHcih-DSA&t=2396s
2025/09/25,若者のすべて,フジファブリック,https://www.youtube.com/watch?v=hdWHcih-DSA&t=2866s
2025/09/25,愛をこめて花束を,Superfly,https://www.youtube.com/watch?v=hdWHcih-DSA&t=3324s
2025/09/25,Blue Jeans,HANA,https://www.youtube.com/watch?v=hdWHcih-DSA&t=3823s
2025/09/25,粉雪,レミオロメン,https://www.youtube.com/watch?v=hdWHcih-DSA&t=4719s
2025/09/25,君はロックを聴かない,あいみょん,https://www.youtube.com/watch?v=hdWHcih-DSA&t=5162s
2025/09/25,宙船,TOKIO,https://www.youtube.com/watch?v=hdWHcih-DSA&t=5984s
2025/09/25,怪獣の花唄,Vaundy,https://www.youtube.com/watch?v=hdWHcih-DSA&t=6595s
2025/09/25,シリウスの心臓,ヰ世界情緒,https://www.youtube.com/watch?v=hdWHcih-DSA&t=6951s
2025/06/19,憂一乗,ヨルシカ,https://www.youtube.com/watch?v=dqZu4KguQ-U&t=695s
2025/06/19,you,癒月,https://www.youtube.com/watch?v=dqZu4KguQ-U&t=1189s
2025/06/19,secret base ～君がくれたもの～,ZONE,https://www.youtube.com/watch?v=dqZu4KguQ-U&t=1670s
2025/06/19,First Love,宇多田ヒカル,https://www.youtube.com/watch?v=dqZu4KguQ-U&t=2227s
2025/06/19,嘘月,ヨルシカ,https://www.youtube.com/watch?v=dqZu4KguQ-U&t=2508s
2025/06/19,少年時代,井上陽水,https://www.youtube.com/watch?v=dqZu4KguQ-U&t=3427s
2025/06/19,君と夏フェス,SHISHAMO,https://www.youtube.com/watch?v=dqZu4KguQ-U&t=3836s
2025/06/19,忘れじの言の葉,未来古代楽団,https://www.youtube.com/watch?v=dqZu4KguQ-U&t=4325s
2025/06/19,元気を出して,竹内まりや,https://www.youtube.com/watch?v=dqZu4KguQ-U&t=2069s
2025/06/19,めくる世界、めぐる歌,しゆ。,https://www.youtube.com/watch?v=dqZu4KguQ-U&t=2922s
2024/10/04,嘘月,ヨルシカ,https://www.youtube.com/watch?v=dXX3A-BJOyY&t=666s
2024/10/04,ノーチラス,ヨルシカ,https://www.youtube.com/watch?v=dXX3A-BJOyY&t=1384s
2024/10/04,チノカテ,ヨルシカ,https://www.youtube.com/watch?v=dXX3A-BJOyY&t=1957s
2024/10/04,深海少女,ゆうゆ,https://www.youtube.com/watch?v=dXX3A-BJOyY&t=3440s
2024/10/04,パズルガール,とあ,https://www.youtube.com/watch?v=dXX3A-BJOyY&t=3903s
2024/10/04,ルージュの伝言,松任谷由実,https://www.youtube.com/watch?v=dXX3A-BJOyY&t=4365s
2024/10/04,チャイナアドバイス,相対性理論,https://www.youtube.com/watch?v=dXX3A-BJOyY&t=4908s
2024/10/04,少女レイ,みきとP,https://www.youtube.com/watch?v=dXX3A-BJOyY&t=5403s
2024/10/04,だいよげん,ころん,https://www.youtube.com/watch?v=dXX3A-BJOyY&t=5982s
2024/10/04,破滅の純情,ワルキューレ,https://www.youtube.com/watch?v=dXX3A-BJOyY&t=6953s
2024/10/04,突撃ラブハート,FIRE BOMBER,https://www.youtube.com/watch?v=dXX3A-BJOyY&t=7450s
2024/10/04,シリウスの心臓,ヰ世界情緒,https://www.youtube.com/watch?v=dXX3A-BJOyY&t=7871s
2025/10/09,シンデレラボーイ,Saucy Dog,https://www.youtube.com/watch?v=QnS1OwT6bIA&t=505s
2025/10/09,忘れじの言の葉,未来古代楽団,https://www.youtube.com/watch?v=QnS1OwT6bIA&t=912s
2025/10/09,テルーの唄,手嶌葵,https://www.youtube.com/watch?v=QnS1OwT6bIA&t=1501s
2025/10/09,少年時代,井上陽水,https://www.youtube.com/watch?v=QnS1OwT6bIA&t=1902s
2025/10/09,斜陽,ヨルシカ,https://www.youtube.com/watch?v=QnS1OwT6bIA&t=2260s
2025/10/09,いのちの名前,木村弓,https://www.youtube.com/watch?v=QnS1OwT6bIA&t=2634s
2024/09/05,HANABI,Mr.Children,https://www.youtube.com/watch?v=tTdj3LOy04A&t=4748s
2024/09/05,トリセツ,西野カナ,https://www.youtube.com/watch?v=tTdj3LOy04A&t=5294s
2024/09/05,スマイル,森七菜,https://www.youtube.com/watch?v=tTdj3LOy04A&t=6016s
2024/09/05,よくできました◎,莉犬,https://www.youtube.com/watch?v=tTdj3LOy04A&t=6893s
2024/07/12,summertime,cinnamons × evening cinema,https://www.youtube.com/watch?v=65jg2D61m6g&t=640s
2024/07/12,鳥の詩,Lia,https://www.youtube.com/watch?v=65jg2D61m6g&t=1238s
2024/07/12,ミックスナッツ,Official髭男dism,https://www.youtube.com/watch?v=65jg2D61m6g&t=1811s
2024/07/12,宿命,Official髭男dism,https://www.youtube.com/watch?v=65jg2D61m6g&t=2474s
2024/07/12,rain,秦基博,https://www.youtube.com/watch?v=65jg2D61m6g&t=2875s
2024/07/12,フラレガイガール,さユり,https://www.youtube.com/watch?v=65jg2D61m6g&t=3459s
2024/07/12,いつも何度でも,木村弓,https://www.youtube.com/watch?v=65jg2D61m6g&t=3893s
2024/07/12,たぶん,YOASOBI,https://www.youtube.com/watch?v=65jg2D61m6g&t=4529s
2024/07/12,星座になれたら,結束バンド,https://www.youtube.com/watch?v=65jg2D61m6g&t=4959s
2024/07/12,コンタクトケース,Saucy Dog,https://www.youtube.com/watch?v=65jg2D61m6g&t=5543s
2024/07/12,翡翠のまち,メル,https://www.youtube.com/watch?v=65jg2D61m6g&t=6474s
2024/07/12,ちゅ、多様性。,ano,https://www.youtube.com/watch?v=65jg2D61m6g&t=6898s
2024/07/12,シリウスの心臓,ヰ世界情緒,https://www.youtube.com/watch?v=65jg2D61m6g&t=7463s
2024/07/12,ハナミズキ,一青窈,https://www.youtube.com/watch?v=65jg2D61m6g&t=7982s
2024/07/12,打上花火,DAOKO×米津玄師,https://www.youtube.com/watch?v=65jg2D61m6g&t=8439s
2024/07/12,回る空うさぎ,Orangestar,https://www.youtube.com/watch?v=65jg2D61m6g&t=9148s
2024/07/12,夏恋花火,40mP,https://www.youtube.com/watch?v=65jg2D61m6g&t=9478s
2024/07/12,カタオモイ,Aimer,https://www.youtube.com/watch?v=65jg2D61m6g&t=10486s
2024/07/12,わたがし,back number,https://www.youtube.com/watch?v=65jg2D61m6g&t=10874s
2024/07/12,僕らの戦場,ワルキューレ,https://www.youtube.com/watch?v=65jg2D61m6g&t=11208s
2024/07/12,ワルキューレがとまらない,ワルキューレ,https://www.youtube.com/watch?v=65jg2D61m6g&t=11314s
2024/07/12,放課後オーバーフロウ,ランカ・リー＝中島愛,https://www.youtube.com/watch?v=65jg2D61m6g&t=11430s
2024/07/12,いけないボーダーライン,ワルキューレ,https://www.youtube.com/watch?v=65jg2D61m6g&t=11529s
2024/07/12,ライオン,"シェリル・ノーム starring May'n,ランカ・リー=中島 愛",https://www.youtube.com/watch?v=65jg2D61m6g&t=11613s
2024/07/12,CHE.R.RY,YUI,https://www.youtube.com/watch?v=65jg2D61m6g&t=12313s
2024/07/12,プラネタリウム,大塚愛,https://www.youtube.com/watch?v=65jg2D61m6g&t=12646s
2024/07/12,キラキラ,aiko,https://www.youtube.com/watch?v=65jg2D61m6g&t=12951s
2024/07/12,私は最強,Ado,https://www.youtube.com/watch?v=65jg2D61m6g&t=13745s
2024/07/12,カブトムシ,aiko,https://www.youtube.com/watch?v=65jg2D61m6g&t=14240s
2024/07/12,高嶺の花子さん,back number,https://www.youtube.com/watch?v=65jg2D61m6g&t=14691s
2024/07/05,シンデレラボーイ,Saucy Dog,https://www.youtube.com/watch?v=568CKQ7mxTw&t=1367s
2024/07/05,愛を伝えたいだとか,あいみょん,https://www.youtube.com/watch?v=568CKQ7mxTw&t=1722s
2024/07/05,丸の内サディスティック,椎名林檎,https://www.youtube.com/watch?v=568CKQ7mxTw&t=2114s
2024/07/05,君はロックを聴かない,あいみょん,https://www.youtube.com/watch?v=568CKQ7mxTw&t=2755s
2024/07/05,ひまわりの約束,秦基博,https://www.youtube.com/watch?v=568CKQ7mxTw&t=3204s
2024/07/05,First Love,宇多田ヒカル,https://www.youtube.com/watch?v=568CKQ7mxTw&t=3700s
2024/07/05,君の知らない物語,supercell,https://www.youtube.com/watch?v=568CKQ7mxTw&t=4052s
2024/07/05,カタオモイ,Aimer,https://www.youtube.com/watch?v=568CKQ7mxTw&t=4608s
2024/07/05,ドキメキダイアリー,なすお☆,https://www.youtube.com/watch?v=568CKQ7mxTw&t=5225s
2024/07/05,渡月橋 〜君 想ふ〜,倉木麻衣,https://www.youtube.com/watch?v=568CKQ7mxTw&t=5845s
2024/07/05,群青,YOASOBI,https://www.youtube.com/watch?v=568CKQ7mxTw&t=6226s
2024/07/05,夜に駆ける,YOASOBI,https://www.youtube.com/watch?v=568CKQ7mxTw&t=6388s
2024/07/05,忘れじの言の葉,大原櫻子,https://www.youtube.com/watch?v=568CKQ7mxTw&t=7109s
2024/07/05,風になる,つじあやの,https://www.youtube.com/watch?v=568CKQ7mxTw&t=7547s
2024/07/05,ガーネット,奥華子,https://www.youtube.com/watch?v=568CKQ7mxTw&t=7958s
2024/07/05,変わらないもの,奥華子,https://www.youtube.com/watch?v=568CKQ7mxTw&t=8417s
2024/07/05,平成ペイン,クリープハイプ,https://www.youtube.com/watch?v=568CKQ7mxTw&t=8914s
2024/07/05,you,YUI,https://www.youtube.com/watch?v=568CKQ7mxTw&t=9135s
2024/07/05,ミーティア,BUMP OF CHICKEN,https://www.youtube.com/watch?v=568CKQ7mxTw&t=9569s
2024/07/05,平成ペイン,クリープハイプ,https://www.youtube.com/watch?v=568CKQ7mxTw&t=8915s
2025/05/01,夜もすがら君想ふ,TOKOTOKO,https://www.youtube.com/watch?v=Sfd4ZZNiL1M&t=534s
2025/05/01,チノカテ,ヨルシカ,https://www.youtube.com/watch?v=Sfd4ZZNiL1M&t=1435s
2025/05/01,星座になれたら,結束バンド,https://www.youtube.com/watch?v=Sfd4ZZNiL1M&t=1907s
2025/05/01,アスノヨゾラ哨戒班,Orangestar,https://www.youtube.com/watch?v=Sfd4ZZNiL1M&t=2387s
2025/05/01,夏夜のマジック,indigo la End,https://www.youtube.com/watch?v=Sfd4ZZNiL1M&t=2920s
2025/05/01,怪獣の花唄,Vaundy,https://www.youtube.com/watch?v=Sfd4ZZNiL1M&t=3699s
2024/09/30,一度だけの恋なら,ワルキューレ,https://www.youtube.com/watch?v=Aw9o4CjN4m8&t=1576s
2024/09/30,晴る,ヨルシカ,https://www.youtube.com/watch?v=Aw9o4CjN4m8&t=2027s
2024/09/30,明日晴れるかな,桑田佳祐,https://www.youtube.com/watch?v=Aw9o4CjN4m8&t=2470s
2024/09/30,トウキョウ・シャンディ・ランデヴ,MAISONdes,https://www.youtube.com/watch?v=Aw9o4CjN4m8&t=3087s
2024/09/30,ファンサ,mona,https://www.youtube.com/watch?v=Aw9o4CjN4m8&t=3470s
2024/08/12,やさしさに包まれたなら,荒井由実,https://www.youtube.com/watch?v=-e4t5wG_HtU&t=477s
2024/08/12,ひまわりの約束,秦基博,https://www.youtube.com/watch?v=-e4t5wG_HtU&t=880s
2024/08/12,secret base 〜君がくれたもの〜,ZONE,https://www.youtube.com/watch?v=-e4t5wG_HtU&t=1321s
2024/08/12,ベテルギウス,優里,https://www.youtube.com/watch?v=-e4t5wG_HtU&t=1877s
2024/08/12,雪の華,中島美嘉,https://www.youtube.com/watch?v=-e4t5wG_HtU&t=2294s
2024/08/12,点描の唄,Mrs. GREEN APPLE,https://www.youtube.com/watch?v=-e4t5wG_HtU&t=2754s
2024/08/12,さよならエレジー,菅田将暉,https://www.youtube.com/watch?v=-e4t5wG_HtU&t=3327s
2024/08/12,嘘月,ヨルシカ,https://www.youtube.com/watch?v=-e4t5wG_HtU&t=3601s
2024/08/12,愛を伝えたいだとか,あいみょん,https://www.youtube.com/watch?v=-e4t5wG_HtU&t=4004s
2024/08/12,アスノヨゾラ哨戒班,Orangestar,https://www.youtube.com/watch?v=-e4t5wG_HtU&t=4606s
2024/08/12,回る空うさぎ,Orangestar,https://www.youtube.com/watch?v=-e4t5wG_HtU&t=4881s
2024/08/12,スマイル,森七菜,https://www.youtube.com/watch?v=-e4t5wG_HtU&t=5198s
2024/08/12,涙そうそう,夏川りみ,https://www.youtube.com/watch?v=-e4t5wG_HtU&t=5508s
2024/08/12,若者のすべて,フジファブリック,https://www.youtube.com/watch?v=-e4t5wG_HtU&t=5874s
2024/08/12,いのちの名前,木村弓,https://www.youtube.com/watch?v=-e4t5wG_HtU&t=6274s
2025/03/13,憂一乗,ヨルシカ,https://www.youtube.com/watch?v=38sTQwpvGfc&t=265s
2025/03/13,春泥棒,ヨルシカ,https://www.youtube.com/watch?v=38sTQwpvGfc&t=448s
2025/03/13,花に亡霊,ヨルシカ,https://www.youtube.com/watch?v=38sTQwpvGfc&t=884s
2025/03/13,好きだから。,『ユイカ』,https://www.youtube.com/watch?v=38sTQwpvGfc&t=1374s
2025/03/13,あんたなんて。,りりあ。,https://www.youtube.com/watch?v=38sTQwpvGfc&t=1865s
2025/03/13,ロビンソン,スピッツ,https://www.youtube.com/watch?v=38sTQwpvGfc&t=2273s
2025/03/13,深海少女,ゆうゆ,https://www.youtube.com/watch?v=38sTQwpvGfc&t=2726s
2025/10/22,瑠璃色の地球,松田聖子,https://www.youtube.com/watch?v=HVHKo1N26Pw&t=454s
2025/10/22,赤いスイートピー,松田聖子,https://www.youtube.com/watch?v=HVHKo1N26Pw&t=759s
2025/10/22,にじいろ,絢香,https://www.youtube.com/watch?v=HVHKo1N26Pw&t=1060s
2025/10/22,夜明けと蛍,n-buna,https://www.youtube.com/watch?v=HVHKo1N26Pw&t=1432s
2025/10/22,SUN,星野源,https://www.youtube.com/watch?v=HVHKo1N26Pw&t=2217s
2025/10/22,ブルーバード,いきものがかり,https://www.youtube.com/watch?v=HVHKo1N26Pw&t=3180s
2025/10/22,今夜このまま,あいみょん,https://www.youtube.com/watch?v=HVHKo1N26Pw&t=3552s
2025/10/22,そっけない,RADWIMPS,https://www.youtube.com/watch?v=HVHKo1N26Pw&t=3829s
2025/10/22,だから僕は音楽を辞めた,ヨルシカ,https://www.youtube.com/watch?v=HVHKo1N26Pw&t=4338s
2025/10/22,また逢う日まで,平井大,https://www.youtube.com/watch?v=HVHKo1N26Pw&t=4863s
2025/10/22,めくる世界、めぐる歌,しゆ。,https://www.youtube.com/watch?v=HVHKo1N26Pw&t=5268s
2025/10/22,シュガーソングとビターステップ,UNISON SQUARE GARDEN,https://www.youtube.com/watch?v=HVHKo1N26Pw&t=2964s
2024/07/06,夜行,ヨルシカ,https://www.youtube.com/watch?v=5Noz4P2M8Ew&t=931s
2024/07/06,青と夏,Mrs. GREEN APPLE,https://www.youtube.com/watch?v=5Noz4P2M8Ew&t=1244s
2024/07/06,君をのせて,井上あずみ,https://www.youtube.com/watch?v=5Noz4P2M8Ew&t=1432s
2024/07/06,明日も,SHISHAMO,https://www.youtube.com/watch?v=5Noz4P2M8Ew&t=1820s
2024/07/06,ライオンNGシーン,"シェリル・ノーム starring May'n,ランカ・リー=中島 愛",https://www.youtube.com/watch?v=5Noz4P2M8Ew&t=2427s
2024/07/06,ライオン,"シェリル・ノーム starring May'n,ランカ・リー=中島 愛",https://www.youtube.com/watch?v=5Noz4P2M8Ew&t=2530s
2024/07/06,オトシモノ,miwa,https://www.youtube.com/watch?v=5Noz4P2M8Ew&t=2934s
2024/07/06,春風,Rihwa,https://www.youtube.com/watch?v=5Noz4P2M8Ew&t=3503s
2024/07/06,ただ君に晴れ,ヨルシカ,https://www.youtube.com/watch?v=5Noz4P2M8Ew&t=4261s
2024/07/06,気まぐれロマンティック,いきものがかり,https://www.youtube.com/watch?v=5Noz4P2M8Ew&t=4596s
2024/07/06,夏祭り,whiteberry,https://www.youtube.com/watch?v=5Noz4P2M8Ew&t=5187s
2024/07/06,Soranji,Mrs. GREEN APPLE,https://www.youtube.com/watch?v=5Noz4P2M8Ew&t=5905s
2024/07/06,希望の轍,サザンオールスターズ,https://www.youtube.com/watch?v=5Noz4P2M8Ew&t=6051s
2024/07/06,secret base 〜君がくれたもの〜,ZONE,https://www.youtube.com/watch?v=5Noz4P2M8Ew&t=6586s
2024/10/24,帰ろう,藤井風,https://www.youtube.com/watch?v=Oil0fLHZvgI&t=588s
2024/10/24,カントリー・ロード,本名陽子,https://www.youtube.com/watch?v=Oil0fLHZvgI&t=1085s
2024/10/24,ひこうき雲,松任谷由実,https://www.youtube.com/watch?v=Oil0fLHZvgI&t=1528s
2024/10/24,晴る,ヨルシカ,https://www.youtube.com/watch?v=Oil0fLHZvgI&t=2210s
2024/10/24,春泥棒,ヨルシカ,https://www.youtube.com/watch?v=Oil0fLHZvgI&t=2590s
2024/10/24,3月9日,レミオロメン,https://www.youtube.com/watch?v=Oil0fLHZvgI&t=3192s
2024/10/24,粉雪,レミオロメン,https://www.youtube.com/watch?v=Oil0fLHZvgI&t=3699s
2024/10/24,アイモ～鳥のひと,ランカ・リー=中島愛,https://www.youtube.com/watch?v=Oil0fLHZvgI&t=4269s
2024/10/24,星間飛行,ランカ・リー＝中島愛,https://www.youtube.com/watch?v=Oil0fLHZvgI&t=4489s
2024/10/24,ルンがピカッと光ったら,ワルキューレ,https://www.youtube.com/watch?v=Oil0fLHZvgI&t=4835s
2024/10/24,一度だけの恋なら,ワルキューレ,https://www.youtube.com/watch?v=Oil0fLHZvgI&t=5221s
2024/12/25,赤鼻のトナカイ,クリスマスソング,https://www.youtube.com/watch?v=TSl7dznSVOk&t=1083s
2024/12/25,ジングルベル,クリスマスソング,https://www.youtube.com/watch?v=TSl7dznSVOk&t=1200s
2024/12/25,あわてんぼうのサンタクロース,クリスマスソング,https://www.youtube.com/watch?v=TSl7dznSVOk&t=1300s
2024/12/25,きよしこの夜,クリスマスソング,https://www.youtube.com/watch?v=TSl7dznSVOk&t=1495s
2024/12/25,サンタが町にやってくる,クリスマスソング,https://www.youtube.com/watch?v=TSl7dznSVOk&t=1563s
2024/12/25,クリスマスソング,back number,https://www.youtube.com/watch?v=TSl7dznSVOk&t=1816s
2024/12/25,白い恋人達,桑田佳祐,https://www.youtube.com/watch?v=TSl7dznSVOk&t=2119s
2024/12/25,メリクリ,BoA,https://www.youtube.com/watch?v=TSl7dznSVOk&t=2566s
2024/12/25,粉雪,レミオロメン,https://www.youtube.com/watch?v=TSl7dznSVOk&t=2817s
2024/12/25,雪の華,中島美嘉,https://www.youtube.com/watch?v=TSl7dznSVOk&t=3630s
2024/12/25,アイノカタチ,MISIA,https://www.youtube.com/watch?v=TSl7dznSVOk&t=4237s
2024/12/25,ベテルギウス,優里,https://www.youtube.com/watch?v=TSl7dznSVOk&t=4460s
2024/12/25,星座になれたら,結束バンド,https://www.youtube.com/watch?v=TSl7dznSVOk&t=5998s
2024/12/25,君の知らない物語,supercell,https://www.youtube.com/watch?v=TSl7dznSVOk&t=6552s
2025/09/02,ハロ／ハワユ,ナノウ,https://www.youtube.com/watch?v=GTnK7ojvvfw&t=342s
2025/09/02,小さな恋のうた,MONGOL800,https://www.youtube.com/watch?v=GTnK7ojvvfw&t=760s
2025/09/02,君の知らない物語,supercell,https://www.youtube.com/watch?v=GTnK7ojvvfw&t=1307s
2025/09/02,憂一乗,ヨルシカ,https://www.youtube.com/watch?v=GTnK7ojvvfw&t=1559s
2025/09/02,花に亡霊,ヨルシカ,https://www.youtube.com/watch?v=GTnK7ojvvfw&t=1971s
2025/09/02,3月9日,レミオロメン,https://www.youtube.com/watch?v=GTnK7ojvvfw&t=2993s
2025/09/02,アイネクライネ,米津玄師,https://www.youtube.com/watch?v=GTnK7ojvvfw&t=3217s
2025/09/02,深海少女,ゆうゆ,https://www.youtube.com/watch?v=GTnK7ojvvfw&t=3956s
2025/09/02,テルーの唄,手嶌葵,https://www.youtube.com/watch?v=GTnK7ojvvfw&t=4451s
2025/09/02,おなじ話,ハンバート ハンバート,https://www.youtube.com/watch?v=GTnK7ojvvfw&t=5011s
2024/07/10,晩餐歌,tuki.,https://www.youtube.com/watch?v=zX6ba1kP31k&t=553s
2024/07/10,マリーゴールド,あいみょん,https://www.youtube.com/watch?v=zX6ba1kP31k&t=979s
2024/07/10,ハルノヒ,あいみょん,https://www.youtube.com/watch?v=zX6ba1kP31k&t=1430s
2024/07/10,ひまわりの約束,秦基博,https://www.youtube.com/watch?v=zX6ba1kP31k&t=1918s
2024/07/10,花に亡霊,ヨルシカ,https://www.youtube.com/watch?v=zX6ba1kP31k&t=2491s
2024/07/10,ヒカリヘ,miwa,https://www.youtube.com/watch?v=zX6ba1kP31k&t=2930s
2024/07/10,白い恋人達,桑田佳祐,https://www.youtube.com/watch?v=zX6ba1kP31k&t=3470s
2024/07/10,ワガママ,Nissy,https://www.youtube.com/watch?v=zX6ba1kP31k&t=3930s
2024/07/10,少年時代,井上陽水,https://www.youtube.com/watch?v=zX6ba1kP31k&t=4349s
2024/07/10,すきなうた,Saucy Dog,https://www.youtube.com/watch?v=zX6ba1kP31k&t=4875s
2024/07/10,I remember you,YUI,https://www.youtube.com/watch?v=zX6ba1kP31k&t=5423s
2024/07/10,翡翠のまち,Aimer,https://www.youtube.com/watch?v=zX6ba1kP31k&t=5917s
2024/07/10,君の知らない物語,supercell,https://www.youtube.com/watch?v=zX6ba1kP31k&t=6328s
2024/07/10,愛唄,GReeeeN,https://www.youtube.com/watch?v=zX6ba1kP31k&t=6885s
2024/07/10,ワガママ,Nissy,https://www.youtube.com/watch?v=zX6ba1kP31k&t=3956s
2025/02/13,ハッピーシンセサイザ,EasyPop,https://www.youtube.com/watch?v=vQ1KfV1b-kY&t=746s
2025/02/13,あの夢をなぞって,YOASOBI,https://www.youtube.com/watch?v=vQ1KfV1b-kY&t=1111s
2025/02/13,チノカテ,ヨルシカ,https://www.youtube.com/watch?v=vQ1KfV1b-kY&t=1484s
2025/02/13,secret base ～君がくれたもの～,ZONE,https://www.youtube.com/watch?v=vQ1KfV1b-kY&t=2272s
2025/02/13,バレンタイン・キッス,国生さゆり,https://www.youtube.com/watch?v=vQ1KfV1b-kY&t=2891s
2025/02/13,ハピチョコ,FRUITS ZIPPER,https://www.youtube.com/watch?v=vQ1KfV1b-kY&t=3273s
2025/02/13,アイノカタチ,MISIA,https://www.youtube.com/watch?v=vQ1KfV1b-kY&t=3722s
2025/02/13,よるのあと,adieu,https://www.youtube.com/watch?v=vQ1KfV1b-kY&t=4055s
2025/02/13,ぎゅっと。,もさを,https://www.youtube.com/watch?v=vQ1KfV1b-kY&t=4655s
2025/02/13,メランコリック,Junky,https://www.youtube.com/watch?v=vQ1KfV1b-kY&t=4856s
2025/02/13,ドライフラワー,優里,https://www.youtube.com/watch?v=vQ1KfV1b-kY&t=5417s
2025/02/13,曇天,DOES,https://www.youtube.com/watch?v=vQ1KfV1b-kY&t=6082s
2025/02/13,雪のツバサ,redballoon,https://www.youtube.com/watch?v=vQ1KfV1b-kY&t=6519s
2025/02/13,5 銀色の空,redballoon,https://www.youtube.com/watch?v=vQ1KfV1b-kY&t=6741s
2025/02/13,１・２・３,After the Rain,https://www.youtube.com/watch?v=vQ1KfV1b-kY&t=7177s
2025/02/13,晴る,ヨルシカ,https://www.youtube.com/watch?v=vQ1KfV1b-kY&t=7737s
2025/02/13,オーバーライド,吉田夜世,https://www.youtube.com/watch?v=vQ1KfV1b-kY&t=1892s
2025/02/13,モエチャッカファイア,弌誠,https://www.youtube.com/watch?v=vQ1KfV1b-kY&t=2052s
2025/02/13,チョコレイト・ディスコ,Perfume,https://www.youtube.com/watch?v=vQ1KfV1b-kY&t=3624s
2025/02/13,WINDING ROAD,絢香×コブクロ,https://www.youtube.com/watch?v=vQ1KfV1b-kY&t=4370s
2025/02/13,ハートアラモード,DECO*27,https://www.youtube.com/watch?v=vQ1KfV1b-kY&t=5325s
2025/02/13,Pray,Tommy heavenly6,https://www.youtube.com/watch?v=vQ1KfV1b-kY&t=5838s
2025/06/27,熱帯夜,SHISHAMO,https://www.youtube.com/watch?v=JR3yDnzo-_o&t=265s
2025/06/27,君と夏フェス,SHISHAMO,https://www.youtube.com/watch?v=JR3yDnzo-_o&t=640s
2025/06/27,晴る,ヨルシカ,https://www.youtube.com/watch?v=JR3yDnzo-_o&t=1081s
2025/06/27,にじいろ,絢香,https://www.youtube.com/watch?v=JR3yDnzo-_o&t=1557s
2025/06/27,世界に一つだけの花,SMAP,https://www.youtube.com/watch?v=JR3yDnzo-_o&t=2074s
2025/06/27,気まぐれロマンティック,いきものがかり,https://www.youtube.com/watch?v=JR3yDnzo-_o&t=2792s
2025/06/27,セプテンバーさん,RADWIMPS,https://www.youtube.com/watch?v=JR3yDnzo-_o&t=3474s
2025/06/27,真夏の果実,サザンオールスターズ,https://www.youtube.com/watch?v=JR3yDnzo-_o&t=3980s
2025/06/27,TSUNAMI,サザンオールスターズ,https://www.youtube.com/watch?v=JR3yDnzo-_o&t=4322s
2025/06/27,Tomorrow Never Knows,Mr.Children,https://www.youtube.com/watch?v=JR3yDnzo-_o&t=4880s
2025/06/27,たばこ,コレサワ,https://www.youtube.com/watch?v=JR3yDnzo-_o&t=5120s
2025/06/27,言わないけどね。,大原ゆい子,https://www.youtube.com/watch?v=JR3yDnzo-_o&t=5667s
2025/06/27,愛をこめて花束を,Superfly,https://www.youtube.com/watch?v=JR3yDnzo-_o&t=5830s
2025/06/27,月が綺麗,岩見拓馬,https://www.youtube.com/watch?v=JR3yDnzo-_o&t=6276s
2025/11/05,星間飛行,ランカ・リー＝中島愛,https://www.youtube.com/watch?v=smunv1B8Nkw&t=519s
2025/11/05,ノーザンクロス,シェリル・ノーム starring May'n,https://www.youtube.com/watch?v=smunv1B8Nkw&t=751s
2025/11/05,コネクト,ClariS,https://www.youtube.com/watch?v=smunv1B8Nkw&t=1090s
2025/11/05,Snow halation,μ's,https://www.youtube.com/watch?v=smunv1B8Nkw&t=2337s
2025/11/05,手紙 ～拝啓 十五の君へ～,アンジェラ・アキ,https://www.youtube.com/watch?v=smunv1B8Nkw&t=2653s
2025/11/05,スイートマジック,Junky,https://www.youtube.com/watch?v=smunv1B8Nkw&t=3080s
2025/11/05,明日も,SHISHAMO,https://www.youtube.com/watch?v=smunv1B8Nkw&t=3360s
2025/11/05,蜜月アン・ドゥ・トロワ,DATEKEN,https://www.youtube.com/watch?v=smunv1B8Nkw&t=4052s
2025/11/05,水流のロック,日食なつこ,https://www.youtube.com/watch?v=smunv1B8Nkw&t=4358s
2025/11/05,ビビデバ,星街すいせい,https://www.youtube.com/watch?v=smunv1B8Nkw&t=4608s
2025/11/05,Tiger,HANA,https://www.youtube.com/watch?v=smunv1B8Nkw&t=4889s
2025/11/05,Blue Jeans,HANA,https://www.youtube.com/watch?v=smunv1B8Nkw&t=5334s
2025/11/05,めくる世界、めぐる歌,しゆ。,https://www.youtube.com/watch?v=smunv1B8Nkw&t=5607s
2025/11/28,点描の唄,Mrs. GREEN APPLE,https://www.youtube.com/watch?v=stMcep_9ztk&t=663s
2025/11/28,ガーネット,奥華子,https://www.youtube.com/watch?v=stMcep_9ztk&t=1212s
2025/11/28,変わらないもの,奥華子,https://www.youtube.com/watch?v=stMcep_9ztk&t=1651s
2025/11/28,トリセツ,西野カナ,https://www.youtube.com/watch?v=stMcep_9ztk&t=2042s
2025/11/28,スマイル,森七菜,https://www.youtube.com/watch?v=stMcep_9ztk&t=2557s
2025/11/28,YUME日和,島谷ひとみ,https://www.youtube.com/watch?v=stMcep_9ztk&t=3075s
2025/11/28,プラネタリウム,大塚愛,https://www.youtube.com/watch?v=stMcep_9ztk&t=4042s
2025/11/28,白い恋人達,桑田佳祐,https://www.youtube.com/watch?v=stMcep_9ztk&t=4332s
2025/11/28,回る空うさぎ,Orangestar,https://www.youtube.com/watch?v=stMcep_9ztk&t=4743s
2025/11/28,DAYBREAK FRONTLINE,Orangestar,https://www.youtube.com/watch?v=stMcep_9ztk&t=5067s
2025/11/28,怪獣の花唄,Vaundy,https://www.youtube.com/watch?v=stMcep_9ztk&t=5497s
2025/11/28,napori,Vaundy,https://www.youtube.com/watch?v=stMcep_9ztk&t=5883s
2025/11/28,嘘月,ヨルシカ,https://www.youtube.com/watch?v=stMcep_9ztk&t=6202s
2025/11/28,愛をこめて花束を,Superfly,https://www.youtube.com/watch?v=stMcep_9ztk&t=6611s
2025/11/28,好き！雪！本気マジック,Mitchie M,https://www.youtube.com/watch?v=stMcep_9ztk&t=7032s
2025/11/28,かわいいだけじゃだめですか？,CUTIE STREET,https://www.youtube.com/watch?v=stMcep_9ztk&t=7392s
2025/11/28,テルーの唄,手嶌葵,https://www.youtube.com/watch?v=stMcep_9ztk&t=8113s
2025/11/28,カタオモイ,Aimer,https://www.youtube.com/watch?v=stMcep_9ztk&t=8481s
2025/11/28,おなじ話,ハンバート ハンバート,https://www.youtube.com/watch?v=stMcep_9ztk&t=8870s
2025/06/06,だから僕は音楽を辞めた,ヨルシカ,https://www.youtube.com/watch?v=7IWOUM7dkcA&t=429s
2025/06/06,aimai,瀬名航,https://www.youtube.com/watch?v=7IWOUM7dkcA&t=918s
2025/06/06,ひとり旅,瀬名航,https://www.youtube.com/watch?v=7IWOUM7dkcA&t=1314s
2025/06/06,テルーの唄,手嶌葵,https://www.youtube.com/watch?v=7IWOUM7dkcA&t=1768s
2025/06/06,変わらないもの,奥華子,https://www.youtube.com/watch?v=7IWOUM7dkcA&t=2300s
2025/06/06,未来予想図II,DREAMS COME TRUE,https://www.youtube.com/watch?v=7IWOUM7dkcA&t=2691s
2025/06/06,なんでもないや,RADWIMPS,https://www.youtube.com/watch?v=7IWOUM7dkcA&t=2943s
2025/06/06,secret base ～君がくれたもの～,ZONE,https://www.youtube.com/watch?v=7IWOUM7dkcA&t=3477s
2025/06/06,you,癒月,https://www.youtube.com/watch?v=7IWOUM7dkcA&t=3996s
2025/06/06,プラネタリウム,大塚愛,https://www.youtube.com/watch?v=7IWOUM7dkcA&t=2179s
2024/08/08,嘘月,ヨルシカ,https://www.youtube.com/watch?v=4xdXPHQwdsE&t=2249s
2024/08/08,晴る,ヨルシカ,https://www.youtube.com/watch?v=4xdXPHQwdsE&t=2721s
2024/08/08,花に亡霊,ヨルシカ,https://www.youtube.com/watch?v=4xdXPHQwdsE&t=3223s
2024/08/08,夜行,ヨルシカ,https://www.youtube.com/watch?v=4xdXPHQwdsE&t=3706s
2024/08/08,だから僕は音楽を辞めた,ヨルシカ,https://www.youtube.com/watch?v=4xdXPHQwdsE&t=4192s
2024/08/08,チノカテ,ヨルシカ,https://www.youtube.com/watch?v=4xdXPHQwdsE&t=4516s
2024/08/08,ノーチラス,ヨルシカ,https://www.youtube.com/watch?v=4xdXPHQwdsE&t=5078s
2024/08/08,春泥棒,ヨルシカ,https://www.youtube.com/watch?v=4xdXPHQwdsE&t=5570s
2025/02/22,ちっぽけな愛のうた,小笠原秋 × 大原櫻子,https://www.youtube.com/watch?v=XSVhfdgOxjk&t=1166s
2025/02/22,ライラック,Mrs. GREEN APPLE,https://www.youtube.com/watch?v=XSVhfdgOxjk&t=1639s
2025/02/22,StaRt,Mrs. GREEN APPLE,https://www.youtube.com/watch?v=XSVhfdgOxjk&t=1994s
2025/02/22,シンデレラボーイ,Saucy Dog,https://www.youtube.com/watch?v=XSVhfdgOxjk&t=2436s
2025/02/22,からくりピエロ,40mP,https://www.youtube.com/watch?v=XSVhfdgOxjk&t=2807s
2025/02/22,夏恋花火,40mP,https://www.youtube.com/watch?v=XSVhfdgOxjk&t=3134s
2025/02/22,さようなら、花泥棒さん,メル,https://www.youtube.com/watch?v=XSVhfdgOxjk&t=3622s
2025/02/22,ハロ／ハワユ,ナノウ,https://www.youtube.com/watch?v=XSVhfdgOxjk&t=4192s
2025/02/22,回る空うさぎ,Orangestar,https://www.youtube.com/watch?v=XSVhfdgOxjk&t=4687s
2025/02/22,星間飛行,ランカ・リー=中島愛,https://www.youtube.com/watch?v=XSVhfdgOxjk&t=5024s
2025/02/22,私の彼はパイロット,ランカ・リー＝中島愛,https://www.youtube.com/watch?v=XSVhfdgOxjk&t=5358s
2025/02/22,あの夢をなぞって,YOASOBI,https://www.youtube.com/watch?v=XSVhfdgOxjk&t=5794s
2025/02/22,娘々サービスメドレー,ランカ・リー＝中島愛,https://www.youtube.com/watch?v=XSVhfdgOxjk&t=5684s
2025/02/15,BLUE feat. kojikoji,LUCKY TAPES,https://www.youtube.com/watch?v=zyRz__tUHUs&t=768s
2025/02/15,アイロニ,すこっぷ,https://www.youtube.com/watch?v=zyRz__tUHUs&t=1299s
2025/02/15,シリウスの心臓,ヰ世界情緒,https://www.youtube.com/watch?v=zyRz__tUHUs&t=1764s
2025/02/15,鳥の詩,Lia,https://www.youtube.com/watch?v=zyRz__tUHUs&t=2093s
2025/02/15,you,癒月,https://www.youtube.com/watch?v=zyRz__tUHUs&t=2606s
2025/02/15,またねがあれば,ちんまりP,https://www.youtube.com/watch?v=zyRz__tUHUs&t=3035s
2025/02/15,白い恋人達,桑田佳祐,https://www.youtube.com/watch?v=zyRz__tUHUs&t=3582s
2025/02/15,napori,Vaundy,https://www.youtube.com/watch?v=zyRz__tUHUs&t=3954s
2025/02/15,儚くない,SUPER BEAVER,https://www.youtube.com/watch?v=zyRz__tUHUs&t=4706s
2025/02/15,やさしさに包まれたなら,荒井由実,https://www.youtube.com/watch?v=zyRz__tUHUs&t=5135s
2025/02/15,夜行,ヨルシカ,https://www.youtube.com/watch?v=zyRz__tUHUs&t=5521s
2025/02/15,嘘月,ヨルシカ,https://www.youtube.com/watch?v=zyRz__tUHUs&t=5940s
2025/02/15,回る空うさぎ,Orangestar,https://www.youtube.com/watch?v=zyRz__tUHUs&t=6323s
2025/06/12,君と夏フェス,SHISHAMO,https://www.youtube.com/watch?v=XVTvRBWRWtk&t=601s
2025/06/12,ドーナツホール,ハチ,https://www.youtube.com/watch?v=XVTvRBWRWtk&t=1122s
2025/06/12,希望の轍,サザンオールスターズ,https://www.youtube.com/watch?v=XVTvRBWRWtk&t=1321s
2025/06/12,あなたの夜が明けるまで,傘村トータ,https://www.youtube.com/watch?v=XVTvRBWRWtk&t=2123s
2025/06/12,真夏の果実,サザンオールスターズ,https://www.youtube.com/watch?v=XVTvRBWRWtk&t=2764s
2025/06/12,少年時代,井上陽水,https://www.youtube.com/watch?v=XVTvRBWRWtk&t=3332s
2025/06/12,夏恋花火,40mP,https://www.youtube.com/watch?v=XVTvRBWRWtk&t=3930s
2025/06/12,雪の華,中島美嘉,https://www.youtube.com/watch?v=XVTvRBWRWtk&t=4361s
2025/06/12,心拍数0822,蝶々P,https://www.youtube.com/watch?v=XVTvRBWRWtk&t=4904s
2025/06/12,夜明けと蛍,n-buna,https://www.youtube.com/watch?v=XVTvRBWRWtk&t=5243s
2025/06/12,ゆるふわ樹海ガール,石風呂,https://www.youtube.com/watch?v=XVTvRBWRWtk&t=5585s
2025/06/12,ロビンソン,スピッツ,https://www.youtube.com/watch?v=XVTvRBWRWtk&t=5921s
2025/06/12,First Love,宇多田ヒカル,https://www.youtube.com/watch?v=XVTvRBWRWtk&t=6457s
2025/06/12,いのちの名前,木村弓,https://www.youtube.com/watch?v=XVTvRBWRWtk&t=6739s
2025/06/12,ライラック,Mrs. GREEN APPLE,https://www.youtube.com/watch?v=XVTvRBWRWtk&t=3001s
2025/06/12,10月無口な君を忘れる,あたらよ,https://www.youtube.com/watch?v=XVTvRBWRWtk&t=3284s
2025/06/12,君をのせて,井上あずみ,https://www.youtube.com/watch?v=XVTvRBWRWtk&t=7145s
2025/06/12,夏祭り,Whiteberry,https://www.youtube.com/watch?v=XVTvRBWRWtk&t=7382s
2025/06/12,secret base,ZONE,https://www.youtube.com/watch?v=XVTvRBWRWtk&t=7480s
2025/03/22,怪獣,サカナクション,https://www.youtube.com/watch?v=8MNZBsCA5I4&t=620s
2025/03/22,アイネクライネ,米津玄師,https://www.youtube.com/watch?v=8MNZBsCA5I4&t=1073s
2025/03/22,テレパシ,DECO*27,https://www.youtube.com/watch?v=8MNZBsCA5I4&t=1476s
2025/03/22,SOS,黛冬優子,https://www.youtube.com/watch?v=8MNZBsCA5I4&t=1622s
2025/03/22,さくらんぼ,大塚愛,https://www.youtube.com/watch?v=8MNZBsCA5I4&t=1993s
2025/03/22,気まぐれロマンティック,いきものがかり,https://www.youtube.com/watch?v=8MNZBsCA5I4&t=2365s
2025/03/22,おじゃま虫,DECO*27,https://www.youtube.com/watch?v=8MNZBsCA5I4&t=2941s
2025/03/22,ライオン,May'n & 中島愛,https://www.youtube.com/watch?v=8MNZBsCA5I4&t=3214s
2025/03/22,いけないボーダーライン,ワルキューレ,https://www.youtube.com/watch?v=8MNZBsCA5I4&t=3579s
2025/03/22,ノーダウト,Official髭男dism,https://www.youtube.com/watch?v=8MNZBsCA5I4&t=4192s
2025/03/22,負けないで,ZARD,https://www.youtube.com/watch?v=8MNZBsCA5I4&t=4557s
2025/03/22,憂一乗,ヨルシカ,https://www.youtube.com/watch?v=8MNZBsCA5I4&t=4975s
2025/03/22,ボクノート,スキマスイッチ,https://www.youtube.com/watch?v=8MNZBsCA5I4&t=5419s
2025/03/22,別の人の彼女になったよ,wacci,https://www.youtube.com/watch?v=8MNZBsCA5I4&t=5833s
2025/03/22,ぎゅっと。,もさを,https://www.youtube.com/watch?v=8MNZBsCA5I4&t=6295s
2025/03/22,シルエット,KANA-BOON,https://www.youtube.com/watch?v=8MNZBsCA5I4&t=6950s
2025/03/22,わたしの一番かわいいところ,FRUITS ZIPPER,https://www.youtube.com/watch?v=8MNZBsCA5I4&t=7239s
2024/09/12,メロンソーダ,aiko,https://www.youtube.com/watch?v=Xox8ccuCi-s&t=771s
2024/09/12,チノカテ,ヨルシカ,https://www.youtube.com/watch?v=Xox8ccuCi-s&t=1358s
2024/09/12,深海少女,ゆうゆ,https://www.youtube.com/watch?v=Xox8ccuCi-s&t=1843s
2024/09/12,夏恋花火,40mP,https://www.youtube.com/watch?v=Xox8ccuCi-s&t=3200s
2024/09/12,心拍数#0822,蝶々P,https://www.youtube.com/watch?v=Xox8ccuCi-s&t=3746s
2024/09/12,セプテンバーさん,RADWIMPS,https://www.youtube.com/watch?v=Xox8ccuCi-s&t=4257s
2024/09/12,若者のすべて,フジファブリック,https://www.youtube.com/watch?v=Xox8ccuCi-s&t=4743s
2024/09/12,恋愛サーキュレーション,千石撫子,https://www.youtube.com/watch?v=Xox8ccuCi-s&t=5623s
2024/09/12,変わらないもの,奥華子,https://www.youtube.com/watch?v=Xox8ccuCi-s&t=6247s
2025/10/16,夏夜のマジック,indigo la End,https://www.youtube.com/watch?v=E5Tg1FJ0D-o&t=712s
2025/10/16,ふわふわ時間,放課後ティータイム,https://www.youtube.com/watch?v=E5Tg1FJ0D-o&t=900s
2025/10/16,Dont say lazy,放課後ティータイム,https://www.youtube.com/watch?v=E5Tg1FJ0D-o&t=1149s
2025/10/16,Cagayake!GIRLS,放課後ティータイム,https://www.youtube.com/watch?v=E5Tg1FJ0D-o&t=1602s
2025/10/16,T.A.O.,じん,https://www.youtube.com/watch?v=E5Tg1FJ0D-o&t=1896s
2025/10/16,小さな恋のうた,MONGOL800,https://www.youtube.com/watch?v=E5Tg1FJ0D-o&t=2315s
2025/10/16,言わないけどね。,大原ゆい子,https://www.youtube.com/watch?v=E5Tg1FJ0D-o&t=2679s
2025/10/16,シュテルン,锁那,https://www.youtube.com/watch?v=E5Tg1FJ0D-o&t=3198s
2025/10/16,オオカミと少女,鎖那,https://www.youtube.com/watch?v=E5Tg1FJ0D-o&t=3454s
2025/10/16,彼女は旅に出る,鎖那,https://www.youtube.com/watch?v=E5Tg1FJ0D-o&t=3802s
2025/10/16,twinkle night feat.somunia,nyankobrq & yaca,https://www.youtube.com/watch?v=E5Tg1FJ0D-o&t=4134s
2025/10/16,jelly girl,をとは,https://www.youtube.com/watch?v=E5Tg1FJ0D-o&t=4830s
2025/10/16,マリーゴールド,あいみょん,https://www.youtube.com/watch?v=E5Tg1FJ0D-o&t=5202s
2025/10/16,めくる世界、めぐる歌,しゆ。,https://www.youtube.com/watch?v=E5Tg1FJ0D-o&t=5691s
2025/10/16,インドア系ならトラックメイカー,Yunomi,https://www.youtube.com/watch?v=E5Tg1FJ0D-o&t=4605s
2025/12/04,転がる岩、君に朝が降る,ASIAN KUNG-FU GENERATION,https://www.youtube.com/watch?v=03E62SkeTmE&t=508s
2025/12/04,星座になれたら,結束バンド,https://www.youtube.com/watch?v=03E62SkeTmE&t=856s
2025/12/04,アカツキの詩,スキマスイッチ,https://www.youtube.com/watch?v=03E62SkeTmE&t=1638s
2025/12/04,全力少年,スキマスイッチ,https://www.youtube.com/watch?v=03E62SkeTmE&t=2089s
2025/12/04,雪の華,中島美嘉,https://www.youtube.com/watch?v=03E62SkeTmE&t=2572s
2025/12/04,from Y to Y,ジミーサムP,https://www.youtube.com/watch?v=03E62SkeTmE&t=3067s
2025/12/04,白い恋人達,桑田佳祐,https://www.youtube.com/watch?v=03E62SkeTmE&t=3463s
2025/12/04,ドライフラワー,優里,https://www.youtube.com/watch?v=03E62SkeTmE&t=3824s
2025/12/04,粉雪,レミオロメン,https://www.youtube.com/watch?v=03E62SkeTmE&t=4236s
2025/12/04,クリスマスソング,back number,https://www.youtube.com/watch?v=03E62SkeTmE&t=4720s
2025/08/14,空も飛べるはず,スピッツ,https://www.youtube.com/watch?v=RyVwISLugfY&t=1002s
2025/08/14,I wanna see you,阿部真央,https://www.youtube.com/watch?v=RyVwISLugfY&t=1607s
2025/08/14,世界は恋に落ちている,CHiCO with HoneyWorks,https://www.youtube.com/watch?v=RyVwISLugfY&t=2249s
2025/08/14,星座になれたら,結束バンド,https://www.youtube.com/watch?v=RyVwISLugfY&t=2939s
2025/08/14,シリウスの心臓,ヰ世界情緒,https://www.youtube.com/watch?v=RyVwISLugfY&t=3396s
2025/08/14,風になる,つじあやの,https://www.youtube.com/watch?v=RyVwISLugfY&t=3788s
2025/08/14,可愛くなりたい,HoneyWorks,https://www.youtube.com/watch?v=RyVwISLugfY&t=4217s
2025/08/14,CHE.R.RY,YUI,https://www.youtube.com/watch?v=RyVwISLugfY&t=4972s
2025/08/14,ヒカリヘ,miwa,https://www.youtube.com/watch?v=RyVwISLugfY&t=5295s
2025/08/14,私は最強,Ado,https://www.youtube.com/watch?v=RyVwISLugfY&t=5830s
2025/08/14,レット・イット・ゴー～ありのままで～,松たか子,https://www.youtube.com/watch?v=RyVwISLugfY&t=6959s
2025/08/14,めくる世界、めぐる歌,しゆ。,https://www.youtube.com/watch?v=RyVwISLugfY&t=7339s
2025/06/01,斜陽,ヨルシカ,https://www.youtube.com/watch?v=NtV-rQsj97Y&t=210s
2025/06/01,ベテルギウス,優里,https://www.youtube.com/watch?v=NtV-rQsj97Y&t=620s
2025/06/01,グッバイ宣言,Chinozo,https://www.youtube.com/watch?v=NtV-rQsj97Y&t=1063s
2025/06/01,ダーリンダンス,かいりきベア,https://www.youtube.com/watch?v=NtV-rQsj97Y&t=1181s
2025/06/01,HANABI,Mr.Children,https://www.youtube.com/watch?v=NtV-rQsj97Y&t=1930s
2025/06/01,チェリー,スピッツ,https://www.youtube.com/watch?v=NtV-rQsj97Y&t=2476s
2025/06/01,ヒカリヘ,miwa,https://www.youtube.com/watch?v=NtV-rQsj97Y&t=2833s
2025/06/01,オトシモノ,miwa,https://www.youtube.com/watch?v=NtV-rQsj97Y&t=3233s
2025/06/01,With a Wish,鬼頭明里,https://www.youtube.com/watch?v=NtV-rQsj97Y&t=3704s
2025/06/01,赤いスイートピー,松田聖子,https://www.youtube.com/watch?v=NtV-rQsj97Y&t=4107s
2025/06/01,瑠璃色の地球,松田聖子,https://www.youtube.com/watch?v=NtV-rQsj97Y&t=4326s
2025/06/01,晴る,ヨルシカ,https://www.youtube.com/watch?v=NtV-rQsj97Y&t=4510s
2025/06/01,だから僕は音楽を辞めた,ヨルシカ,https://www.youtube.com/watch?v=NtV-rQsj97Y&t=5000s
2025/06/01,晩餐歌,tuki.,https://www.youtube.com/watch?v=NtV-rQsj97Y&t=5386s
2025/06/01,深海少女,ゆうゆ,https://www.youtube.com/watch?v=NtV-rQsj97Y&t=5809s
2025/06/01,愛をこめて花束を,Superfly,https://www.youtube.com/watch?v=NtV-rQsj97Y&t=6267s
2025/06/01,少女レイ,みきとP,https://www.youtube.com/watch?v=NtV-rQsj97Y&t=6664s
2025/06/01,夏祭り,Whiteberry,https://www.youtube.com/watch?v=NtV-rQsj97Y&t=7145s
2024/07/25,カントリー・ロード,本名陽子,https://www.youtube.com/watch?v=2NRhTLvwPE4&t=504s
2024/07/25,風になる,つじあやの,https://www.youtube.com/watch?v=2NRhTLvwPE4&t=866s
2024/07/25,テルーの唄,手嶌葵,https://www.youtube.com/watch?v=2NRhTLvwPE4&t=1271s
2024/07/25,夏夜のマジック,Indigo la End,https://www.youtube.com/watch?v=2NRhTLvwPE4&t=1681s
2024/07/25,晩餐歌,Tuki.,https://www.youtube.com/watch?v=2NRhTLvwPE4&t=1979s
2024/07/25,真夏の果実,サザンオールスターズ,https://www.youtube.com/watch?v=2NRhTLvwPE4&t=2515s
2024/07/25,TSUNAMI,サザンオールスターズ,https://www.youtube.com/watch?v=2NRhTLvwPE4&t=3102s
2024/07/25,希望の轍,サザンオールスターズ,https://www.youtube.com/watch?v=2NRhTLvwPE4&t=3529s
2024/07/25,青と夏,Mrs. GREEN APPLE,https://www.youtube.com/watch?v=2NRhTLvwPE4&t=3970s
2024/07/25,蝶々結び,Aimer,https://www.youtube.com/watch?v=2NRhTLvwPE4&t=4377s
2024/07/25,ちっぽけな愛のうた,大原櫻子,https://www.youtube.com/watch?v=2NRhTLvwPE4&t=4608s
2024/07/25,あなたの夜が明けるまで,傘村トータ,https://www.youtube.com/watch?v=2NRhTLvwPE4&t=5321s
2024/07/25,カタオモイ,Aimer,https://www.youtube.com/watch?v=2NRhTLvwPE4&t=5728s
2025/03/26,マリーゴールド,あいみょん,https://www.youtube.com/watch?v=eDnWum_1R5A&t=492s
2025/03/26,ガーネット,奥華子,https://www.youtube.com/watch?v=eDnWum_1R5A&t=943s
2025/03/26,ビンクスの酒,麦わらの一味,https://www.youtube.com/watch?v=eDnWum_1R5A&t=1451s
2025/03/26,明日はきっといい日になる,高橋優,https://www.youtube.com/watch?v=eDnWum_1R5A&t=1846s
2025/03/26,1・2・3,After the Rain,https://www.youtube.com/watch?v=eDnWum_1R5A&t=2167s
2025/03/26,いのちの名前,木村弓,https://www.youtube.com/watch?v=eDnWum_1R5A&t=2813s
2025/03/26,明日への扉,I WiSH,https://www.youtube.com/watch?v=eDnWum_1R5A&t=3223s
2025/03/26,アスノヨゾラ哨戒班,Orangestar,https://www.youtube.com/watch?v=eDnWum_1R5A&t=3853s
2025/03/26,美しい鰭,スピッツ,https://www.youtube.com/watch?v=eDnWum_1R5A&t=4293s
2025/03/26,ミックスナッツ,Official髭男dism,https://www.youtube.com/watch?v=eDnWum_1R5A&t=4640s
2024/07/18,366日,HY,https://www.youtube.com/watch?v=qt18UsOjumA&t=766s
2024/07/18,heavenly days,新垣結衣,https://www.youtube.com/watch?v=qt18UsOjumA&t=1292s
2024/07/18,赤い糸,コブクロ,https://www.youtube.com/watch?v=qt18UsOjumA&t=1746s
2024/07/18,カブトムシ,aiko,https://www.youtube.com/watch?v=qt18UsOjumA&t=2368s
2024/07/18,未来予想図II,DREAMS COME TRUE,https://www.youtube.com/watch?v=qt18UsOjumA&t=3066s
2024/07/18,ルージュの伝言,松任谷由実,https://www.youtube.com/watch?v=qt18UsOjumA&t=3413s
2024/07/18,さようなら、花泥棒さん,メル,https://www.youtube.com/watch?v=qt18UsOjumA&t=3875s
2024/07/18,キヤキ,GReeeeN,https://www.youtube.com/watch?v=qt18UsOjumA&t=4454s
2024/07/18,青のすみか,キタニタツヤ,https://www.youtube.com/watch?v=qt18UsOjumA&t=4784s
2024/07/18,TSUNAMI,サザンオールスターズ,https://www.youtube.com/watch?v=qt18UsOjumA&t=5213s
2024/07/18,すきなうた,Saucy Dog,https://www.youtube.com/watch?v=qt18UsOjumA&t=5829s
2024/07/18,オオカミと少女,宮崎歩,https://www.youtube.com/watch?v=qt18UsOjumA&t=6283s
2024/07/18,夜明けと蛍,n-buna,https://www.youtube.com/watch?v=qt18UsOjumA&t=6805s
2024/07/18,小さな恋のうた,MONGOL800,https://www.youtube.com/watch?v=qt18UsOjumA&t=7233s
2024/07/18,オオカミと少女,宮崎歩,https://www.youtube.com/watch?v=qt18UsOjumA&t=6300s
2024/08/19,Butter-Fly,和田光司,https://www.youtube.com/watch?v=VyrkTAXhoRQ&t=608s
2024/08/19,1・2・3,After the Rain,https://www.youtube.com/watch?v=VyrkTAXhoRQ&t=1040s
2024/08/19,aimai,瀬名航,https://www.youtube.com/watch?v=VyrkTAXhoRQ&t=1476s
2024/08/19,あなたが知らない貴方のうた,ユイカ,https://www.youtube.com/watch?v=VyrkTAXhoRQ&t=1968s
2024/08/19,TSUNAMI,サザンオールスターズ,https://www.youtube.com/watch?v=VyrkTAXhoRQ&t=2837s
2024/08/19,夏恋花火,40mP,https://www.youtube.com/watch?v=VyrkTAXhoRQ&t=3357s
2024/08/19,Rain,秦基博,https://www.youtube.com/watch?v=VyrkTAXhoRQ&t=4289s
2024/08/19,One more time one more chance,山崎まさよし,https://www.youtube.com/watch?v=VyrkTAXhoRQ&t=4813s
2024/08/19,君の知らない物語,supercell,https://www.youtube.com/watch?v=VyrkTAXhoRQ&t=5167s
2024/08/19,わたがし,back number,https://www.youtube.com/watch?v=VyrkTAXhoRQ&t=5804s
2024/08/19,マツケンサンバII,松平健,https://www.youtube.com/watch?v=VyrkTAXhoRQ&t=6216s
2025/05/21,転がる岩、君に朝が降る,ASIAN KUNG-FU GENERATION,https://www.youtube.com/watch?v=SB8TK7wH63o&t=601s
2025/05/21,風の向こうへ,嵐,https://www.youtube.com/watch?v=SB8TK7wH63o&t=927s
2025/05/21,夏祭り,Whiteberry,https://www.youtube.com/watch?v=SB8TK7wH63o&t=1679s
2025/05/21,若者のすべて,フジファブリック,https://www.youtube.com/watch?v=SB8TK7wH63o&t=2380s
2025/05/21,青と夏,Mrs.GREEN APPLE,https://www.youtube.com/watch?v=SB8TK7wH63o&t=2790s
2025/05/21,secret base ～君がくれたもの～,ZONE,https://www.youtube.com/watch?v=SB8TK7wH63o&t=3088s
2025/05/21,風になる,つじあやの,https://www.youtube.com/watch?v=SB8TK7wH63o&t=3633s
2025/05/21,花に亡霊,ヨルシカ,https://www.youtube.com/watch?v=SB8TK7wH63o&t=4019s
2025/05/21,鳥の詩,Lia,https://www.youtube.com/watch?v=SB8TK7wH63o&t=4348s
2025/05/21,YUME日和,島谷ひとみ,https://www.youtube.com/watch?v=SB8TK7wH63o&t=5332s
2024/10/22,時を刻む唄,Lia,https://www.youtube.com/watch?v=D2yKLk81z3s&t=1047s
2024/10/22,だんご大家族,茶太,https://www.youtube.com/watch?v=D2yKLk81z3s&t=1249s
2024/10/22,小さなてのひら,Lia,https://www.youtube.com/watch?v=D2yKLk81z3s&t=1674s
2024/10/22,鳥の詩,Lia,https://www.youtube.com/watch?v=D2yKLk81z3s&t=2162s
2024/10/22,YOU,癒月,https://www.youtube.com/watch?v=D2yKLk81z3s&t=2740s
2024/10/22,忘れじの言の葉,未来古代楽団,https://www.youtube.com/watch?v=D2yKLk81z3s&t=3770s
2024/10/22,そっけない,RADWIMPS,https://www.youtube.com/watch?v=D2yKLk81z3s&t=4400s
2024/10/22,HANABI,Mr.Children,https://www.youtube.com/watch?v=D2yKLk81z3s&t=5388s
2024/10/22,ドライフラワー,優里,https://www.youtube.com/watch?v=D2yKLk81z3s&t=5896s
2024/09/13,星座になれたら,結束バンド,https://www.youtube.com/watch?v=O5Buseokdkg&t=505s
2024/09/13,雨とカプチーノ,ヨルシカ,https://www.youtube.com/watch?v=O5Buseokdkg&t=875s
2024/09/13,花になって,緑黄色社会,https://www.youtube.com/watch?v=O5Buseokdkg&t=1033s
2024/09/13,KissHug,aiko,https://www.youtube.com/watch?v=O5Buseokdkg&t=1322s
2024/09/13,あの夢をなぞって,YOASOBI,https://www.youtube.com/watch?v=O5Buseokdkg&t=1862s
2024/09/13,ライラック,Mrs. GREEN APPLE,https://www.youtube.com/watch?v=O5Buseokdkg&t=2270s
2024/09/13,津軽海峡・冬景色,石川さゆり,https://www.youtube.com/watch?v=O5Buseokdkg&t=2390s
2024/09/13,おちゃめ機能,ゴジマジP,https://www.youtube.com/watch?v=O5Buseokdkg&t=2737s
2024/09/13,ベノム,かいりきベア,https://www.youtube.com/watch?v=O5Buseokdkg&t=2833s
2024/09/13,トンデモワンダーズ,sasakure.UK,https://www.youtube.com/watch?v=O5Buseokdkg&t=2912s
2024/09/13,からくりピエロ,40mP,https://www.youtube.com/watch?v=O5Buseokdkg&t=2974s
2024/09/13,少女レイ,みきとP,https://www.youtube.com/watch?v=O5Buseokdkg&t=3081s
2024/09/13,ラブカ?,柊キライ,https://www.youtube.com/watch?v=O5Buseokdkg&t=3171s
2024/09/13,夜もすがら君想ふ,TOKOTOKO,https://www.youtube.com/watch?v=O5Buseokdkg&t=3270s
2024/09/13,ハム太郎とっとこうた,ハムちゃんず,https://www.youtube.com/watch?v=O5Buseokdkg&t=3813s
2024/09/13,おジャ魔女カーニバル!!,MAHO堂,https://www.youtube.com/watch?v=O5Buseokdkg&t=3902s
2024/09/13,ハレ晴レユカイ,"涼宮ハルヒ,長門有希,朝比奈みくる",https://www.youtube.com/watch?v=O5Buseokdkg&t=4008s
2024/09/13,うまぴょい伝説,"スペシャルウィーク,サイレンススズカ,トウカイテイオー",https://www.youtube.com/watch?v=O5Buseokdkg&t=4104s
2024/09/13,コネクト,ClariS,https://www.youtube.com/watch?v=O5Buseokdkg&t=4201s
2024/09/13,勇者,YOASOBI,https://www.youtube.com/watch?v=O5Buseokdkg&t=4312s
2024/09/13,世界は恋に落ちている,CHiCO with HoneyWorks,https://www.youtube.com/watch?v=O5Buseokdkg&t=4982s
2025/07/16,少女レイ,みきとP,https://www.youtube.com/watch?v=yisNEPT0tho&t=259s
2025/07/16,おちゃめ機能,ゴジマジP,https://www.youtube.com/watch?v=yisNEPT0tho&t=543s
2025/07/16,トンデモワンダーズ,sasakure.UK,https://www.youtube.com/watch?v=yisNEPT0tho&t=819s
2025/07/16,ドーナツホール,ハチ,https://www.youtube.com/watch?v=yisNEPT0tho&t=1107s
2025/07/16,フォニイ,ツミキ,https://www.youtube.com/watch?v=yisNEPT0tho&t=1222s
2025/07/16,キャットラビング,香椎モイミ,https://www.youtube.com/watch?v=yisNEPT0tho&t=1322s
2025/07/16,如月アテンション,じん,https://www.youtube.com/watch?v=yisNEPT0tho&t=1590s
2025/07/16,T.A.O.,じん,https://www.youtube.com/watch?v=yisNEPT0tho&t=1949s
2025/07/16,みむかｩわナイストライ,ぬぬぬぬぬぬぬぬぬぬぬぬぬぬぬぬ,https://www.youtube.com/watch?v=yisNEPT0tho&t=2476s
2025/07/16,夏恋花火,40mP,https://www.youtube.com/watch?v=yisNEPT0tho&t=3066s
2025/07/16,さようなら、花泥棒さん,メル,https://www.youtube.com/watch?v=yisNEPT0tho&t=3512s
2025/07/16,ツギハギスタッカート,とあ,https://www.youtube.com/watch?v=yisNEPT0tho&t=3857s
2025/07/16,パズルガール,とあ,https://www.youtube.com/watch?v=yisNEPT0tho&t=4192s
2025/07/16,ハロ／ハワユ,ナノウ,https://www.youtube.com/watch?v=yisNEPT0tho&t=4533s
2025/07/16,CH4NGE,Giga,https://www.youtube.com/watch?v=yisNEPT0tho&t=5281s
2025/07/16,心拍数0822,蝶々P,https://www.youtube.com/watch?v=yisNEPT0tho&t=6009s
2025/07/16,ドレミファロンド,40mP,https://www.youtube.com/watch?v=yisNEPT0tho&t=6124s
2025/07/16,深海少女,ゆうゆ,https://www.youtube.com/watch?v=yisNEPT0tho&t=6372s
2025/07/16,夏恋花火,40mP,https://www.youtube.com/watch?v=yisNEPT0tho&t=2934s
2025/07/16,CH4NGE,Giga,https://www.youtube.com/watch?v=yisNEPT0tho&t=5165s
2025/07/16,ニア,夏代孝明,https://www.youtube.com/watch?v=yisNEPT0tho&t=6230s
2024/07/04,夏色,ゆず,https://www.youtube.com/watch?v=CHfv3EG-mVY&t=498s
2024/07/04,晴る,ヨルシカ,https://www.youtube.com/watch?v=CHfv3EG-mVY&t=657s
2024/07/04,月が綺麗,岩見拓馬,https://www.youtube.com/watch?v=CHfv3EG-mVY&t=1098s
2024/07/04,シリウスの心臓,ヰ世界情緒,https://www.youtube.com/watch?v=CHfv3EG-mVY&t=1312s
2024/07/04,ノーザンクロス,シェリル・ノーム starring May'n,https://www.youtube.com/watch?v=CHfv3EG-mVY&t=1807s
2024/07/04,鳥の詩,Lia,https://www.youtube.com/watch?v=CHfv3EG-mVY&t=2005s
2024/07/04,夏夜のマジック,Indigo la End,https://www.youtube.com/watch?v=CHfv3EG-mVY&t=2537s
2024/07/04,若者のすべて,フジファブリック,https://www.youtube.com/watch?v=CHfv3EG-mVY&t=2884s
2024/07/04,Pretender,Official髭男dism,https://www.youtube.com/watch?v=CHfv3EG-mVY&t=3408s
2024/07/04,花束のかわりにメロディーを,清水翔太,https://www.youtube.com/watch?v=CHfv3EG-mVY&t=4119s
2024/07/04,いのちの名前,木村弓,https://www.youtube.com/watch?v=CHfv3EG-mVY&t=4792s
2024/07/04,魔法の絨毯,川崎鷹也,https://www.youtube.com/watch?v=CHfv3EG-mVY&t=5335s
2024/07/04,スマイル,森七菜,https://www.youtube.com/watch?v=CHfv3EG-mVY&t=5660s
2024/07/04,Meteor-ミーティア-,T.M.Revolution,https://www.youtube.com/watch?v=CHfv3EG-mVY&t=6144s
2024/07/04,Dont saylazy,桜高軽音部,https://www.youtube.com/watch?v=CHfv3EG-mVY&t=6687s
2024/07/04,ドライフラワー,優里,https://www.youtube.com/watch?v=CHfv3EG-mVY&t=7052s
2024/07/04,一度だけの恋なら,ワルキューレ,https://www.youtube.com/watch?v=CHfv3EG-mVY&t=7629s
2024/06/26,希望の轍,サザンオールスターズ,https://www.youtube.com/watch?v=Qy3nMGPahGw&t=635s
2024/06/26,TSUNAMI,サザンオールスターズ,https://www.youtube.com/watch?v=Qy3nMGPahGw&t=1192s
2024/06/26,ルンがピカッと光ったら,ワルキューレ,https://www.youtube.com/watch?v=Qy3nMGPahGw&t=1769s
2024/06/26,破滅の純情,ワルキューレ,https://www.youtube.com/watch?v=Qy3nMGPahGw&t=2157s
2024/06/26,カタオモイ,Aimer,https://www.youtube.com/watch?v=Qy3nMGPahGw&t=2488s
2024/06/26,SUMMER SONG,YUI,https://www.youtube.com/watch?v=Qy3nMGPahGw&t=2875s
2024/06/26,あたしを彼女にしたいなら,コレサワ,https://www.youtube.com/watch?v=Qy3nMGPahGw&t=3216s
2024/06/26,点描の唄,Mrs. GREEN APPLE,https://www.youtube.com/watch?v=Qy3nMGPahGw&t=3696s
2024/06/26,打上花火,DAOKO×米津玄師,https://www.youtube.com/watch?v=Qy3nMGPahGw&t=4252s
2024/06/26,レオ,優里,https://www.youtube.com/watch?v=Qy3nMGPahGw&t=4721s
2024/06/26,コンタクトケース,Saucy Dog,https://www.youtube.com/watch?v=Qy3nMGPahGw&t=5173s
2024/06/26,いのちの名前,木村弓,https://www.youtube.com/watch?v=Qy3nMGPahGw&t=5623s
2024/06/26,忘れじの言の葉,未来古代楽団,https://www.youtube.com/watch?v=Qy3nMGPahGw&t=6081s
2024/06/26,アイノカタチ feat.HIDE,MISIA,https://www.youtube.com/watch?v=Qy3nMGPahGw&t=6563s
2024/06/26,残酷な天使のテーゼ,高橋洋子,https://www.youtube.com/watch?v=Qy3nMGPahGw&t=6857s
2025/07/23,トライアングラー,坂本真綾,https://www.youtube.com/watch?v=ZKjIC_JxD5g&t=229s
2025/07/23,星間飛行,ランカ・リー＝中島愛,https://www.youtube.com/watch?v=ZKjIC_JxD5g&t=515s
2025/07/23,ノーザンクロス,シェリル・ノーム starring May'n,https://www.youtube.com/watch?v=ZKjIC_JxD5g&t=818s
2025/07/23,アナタノオト,ランカ・リー＝中島愛,https://www.youtube.com/watch?v=ZKjIC_JxD5g&t=1141s
2025/07/23,射手座☆午後九時Dont be late,シェリル・ノーム starring May'n,https://www.youtube.com/watch?v=ZKjIC_JxD5g&t=1572s
2025/07/23,虹いろ クマクマ,ランカ・リー＝中島愛,https://www.youtube.com/watch?v=ZKjIC_JxD5g&t=1683s
2025/07/23,ライオン,"シェリル・ノーム starring May'n,ランカ・リー=中島愛",https://www.youtube.com/watch?v=ZKjIC_JxD5g&t=1784s
2025/07/23,ホシキラ,ランカ・リー＝中島愛,https://www.youtube.com/watch?v=ZKjIC_JxD5g&t=2311s
2025/07/23,一度だけの恋なら,ワルキューレ,https://www.youtube.com/watch?v=ZKjIC_JxD5g&t=2706s
2025/07/23,ワルキューレがとまらない,ワルキューレ,https://www.youtube.com/watch?v=ZKjIC_JxD5g&t=3044s
2025/07/23,ルンがピカッと光ったら,ワルキューレ,https://www.youtube.com/watch?v=ZKjIC_JxD5g&t=3250s
2025/07/23,AXIA ～ダイスキでダイキライ～,ワルキューレ,https://www.youtube.com/watch?v=ZKjIC_JxD5g&t=3745s
2025/07/23,破滅の純情,ワルキューレ,https://www.youtube.com/watch?v=ZKjIC_JxD5g&t=4789s
2025/07/23,いけないボーダーライン,ワルキューレ,https://www.youtube.com/watch?v=ZKjIC_JxD5g&t=5067s
2025/07/23,GIRAFFE BLUES,ワルキューレ,https://www.youtube.com/watch?v=ZKjIC_JxD5g&t=5462s
2025/07/23,ルンに花咲く恋もある,ワルキューレ,https://www.youtube.com/watch?v=ZKjIC_JxD5g&t=5909s
2025/07/23,アイモ,ランカ・リー＝中島愛,https://www.youtube.com/watch?v=ZKjIC_JxD5g&t=2145s
2025/01/28,あなたが知らない貴方のうた,『ユイカ』,https://www.youtube.com/watch?v=dRi8yMvQmQ0&t=907s
2025/01/28,だきしめるまで。,MIMI,https://www.youtube.com/watch?v=dRi8yMvQmQ0&t=1921s
2025/01/28,オトシモノ,miwa,https://www.youtube.com/watch?v=dRi8yMvQmQ0&t=2365s
2025/01/28,風の向こうへ,嵐,https://www.youtube.com/watch?v=dRi8yMvQmQ0&t=2903s
2025/01/28,テルーの唄,手嶌葵,https://www.youtube.com/watch?v=dRi8yMvQmQ0&t=3457s
2025/01/28,いのちの名前,木村弓,https://www.youtube.com/watch?v=dRi8yMvQmQ0&t=3885s
2025/01/28,Life is tasty!,燦鳥ノム,https://www.youtube.com/watch?v=dRi8yMvQmQ0&t=4382s
2025/12/06,シルエット,KANA-BOON,https://www.youtube.com/watch?v=H74xlAUaPZU&t=293s
2025/12/06,ラブソングに襲われる,#NAME?,https://www.youtube.com/watch?v=H74xlAUaPZU&t=551s
2025/12/06,キス・ミー・パティシエ,CANDY TUNE,https://www.youtube.com/watch?v=H74xlAUaPZU&t=856s
2025/12/06,かわいいだけじゃだめですか？,CUTIE STREET,https://www.youtube.com/watch?v=H74xlAUaPZU&t=1077s
2025/12/06,倍倍FIGHT!,CANDY TUNE,https://www.youtube.com/watch?v=H74xlAUaPZU&t=1386s
2025/12/06,晩餐歌,tuki.,https://www.youtube.com/watch?v=H74xlAUaPZU&t=1837s
2025/12/06,好きだから。,『ユイカ』,https://www.youtube.com/watch?v=H74xlAUaPZU&t=2072s
2025/12/06,aimai,瀬名航,https://www.youtube.com/watch?v=H74xlAUaPZU&t=2517s
2025/12/06,Meteor - ミーティア -,T.M.Revolution,https://www.youtube.com/watch?v=H74xlAUaPZU&t=2767s
2025/12/06,アゲハ蝶,ポルノグラフィティ,https://www.youtube.com/watch?v=H74xlAUaPZU&t=3029s
2025/12/06,サウダージ,ポルノグラフィティ,https://www.youtube.com/watch?v=H74xlAUaPZU&t=3144s
2025/12/06,破滅の純情,ワルキューレ,https://www.youtube.com/watch?v=H74xlAUaPZU&t=3606s
2025/12/06,僕らの戦場,ワルキューレ,https://www.youtube.com/watch?v=H74xlAUaPZU&t=3922s
2025/12/06,好き！雪！本気マジック,Mitchie M,https://www.youtube.com/watch?v=H74xlAUaPZU&t=4276s
2025/12/06,ダーリンダンス,かいりきベア,https://www.youtube.com/watch?v=H74xlAUaPZU&t=4688s
2025/12/06,うまぴょい伝説,ウマ娘,https://www.youtube.com/watch?v=H74xlAUaPZU&t=5386s
2025/12/06,鳥の詩,Lia,https://www.youtube.com/watch?v=H74xlAUaPZU&t=5882s
2025/12/06,めくる世界、めぐる歌,しゆ。,https://www.youtube.com/watch?v=H74xlAUaPZU&t=6411s
2024/11/07,あんたなんて。,りりあ。,https://www.youtube.com/watch?v=C3_x_XqEstQ&t=922s
2024/11/07,私じゃなかったんだね。,りりあ。,https://www.youtube.com/watch?v=C3_x_XqEstQ&t=1370s
2024/11/07,浮気されたけどまだ好きって曲。,りりあ。,https://www.youtube.com/watch?v=C3_x_XqEstQ&t=1763s
2024/11/07,晩餐歌,Tuki.,https://www.youtube.com/watch?v=C3_x_XqEstQ&t=2313s
2024/11/07,たばこ,コレサワ,https://www.youtube.com/watch?v=C3_x_XqEstQ&t=2672s
2024/11/07,I wanna see you,阿部真央,https://www.youtube.com/watch?v=C3_x_XqEstQ&t=3251s
2025/01/23,今はいいんだよ。,MIMI,https://www.youtube.com/watch?v=gNRK91Vmn24&t=1940s
2025/01/23,Meteor - ミーティア -,T.M.Revolution,https://www.youtube.com/watch?v=gNRK91Vmn24&t=2192s
2025/01/23,恋愛サーキュレーション,千石撫子,https://www.youtube.com/watch?v=gNRK91Vmn24&t=2562s
2025/01/23,蜜月アン・ドゥ・トロワ,DATEKEN,https://www.youtube.com/watch?v=gNRK91Vmn24&t=3069s
2025/01/23,だきしめるまで。,MIMI,https://www.youtube.com/watch?v=gNRK91Vmn24&t=3604s
2025/01/23,儚くない,SUPER BEAVER,https://www.youtube.com/watch?v=gNRK91Vmn24&t=4030s
2025/01/23,あんたなんて。,りりあ。,https://www.youtube.com/watch?v=gNRK91Vmn24&t=4704s
2025/01/23,春泥棒,ヨルシカ,https://www.youtube.com/watch?v=gNRK91Vmn24&t=5213s
2025/01/23,風になる,つじあやの,https://www.youtube.com/watch?v=gNRK91Vmn24&t=5739s
2024/07/24,突撃ラブハート,FIRE BOMBER,https://www.youtube.com/watch?v=HK_x-AzfeHU&t=535s
2024/07/24,トライアングラー,坂本真綾,https://www.youtube.com/watch?v=HK_x-AzfeHU&t=939s
2024/07/24,ライオン,"シェリル・ノーム starring May'n,ランカ・リー=中島 愛",https://www.youtube.com/watch?v=HK_x-AzfeHU&t=1136s
2024/07/24,星間飛行,ランカ・リー＝中島愛,https://www.youtube.com/watch?v=HK_x-AzfeHU&t=1555s
2024/07/24,アナタノオト,ランカ・リー＝中島愛,https://www.youtube.com/watch?v=HK_x-AzfeHU&t=1806s
2024/07/24,ニンジーン Loves you yeah!,ランカ・リー＝中島愛,https://www.youtube.com/watch?v=HK_x-AzfeHU&t=2196s
2024/07/24,ホシキラ,ランカ・リー＝中島愛,https://www.youtube.com/watch?v=HK_x-AzfeHU&t=2433s
2024/07/24,一度だけの恋なら,ワルキューレ,https://www.youtube.com/watch?v=HK_x-AzfeHU&t=2855s
2024/07/24,ルンがピカッと光ったら,ワルキューレ,https://www.youtube.com/watch?v=HK_x-AzfeHU&t=3280s
2024/07/24,Absolute5,ワルキューレ,https://www.youtube.com/watch?v=HK_x-AzfeHU&t=3665s
2024/07/24,ノーザンクロス,ワルキューレ,https://www.youtube.com/watch?v=HK_x-AzfeHU&t=4090s
2024/07/24,僕らの戦場,ワルキューレ,https://www.youtube.com/watch?v=HK_x-AzfeHU&t=4398s
2024/07/24,破滅の純情,ワルキューレ,https://www.youtube.com/watch?v=HK_x-AzfeHU&t=4944s
2024/07/24,不確定性☆COSMIC MOVEMENT,ワルキューレ,https://www.youtube.com/watch?v=HK_x-AzfeHU&t=5381s
2024/07/24,ルンに花咲く恋もある,ワルキューレ,https://www.youtube.com/watch?v=HK_x-AzfeHU&t=5770s
2024/07/24,アイモ～鳥のひと,ランカ・リー=中島愛,https://www.youtube.com/watch?v=HK_x-AzfeHU&t=6134s
2025/09/04,怪獣の花唄,Vaundy,https://www.youtube.com/watch?v=ITWl_5jvUiQ&t=486s
2025/09/04,you,癒月,https://www.youtube.com/watch?v=ITWl_5jvUiQ&t=989s
2025/09/04,愛を伝えたいだとか,あいみょん,https://www.youtube.com/watch?v=ITWl_5jvUiQ&t=1379s
2025/09/04,だんご大家族,茶太,https://www.youtube.com/watch?v=ITWl_5jvUiQ&t=1788s
2025/09/04,小さなてのひら,Lia,https://www.youtube.com/watch?v=ITWl_5jvUiQ&t=2196s
2025/09/04,コネクト,ClariS,https://www.youtube.com/watch?v=ITWl_5jvUiQ&t=3363s
2025/09/04,粉雪,レミオロメン,https://www.youtube.com/watch?v=ITWl_5jvUiQ&t=3789s
2025/09/04,世界は恋に落ちている,CHiCO with HoneyWorks,https://www.youtube.com/watch?v=ITWl_5jvUiQ&t=4325s
2025/09/04,YUME日和,島谷ひとみ,https://www.youtube.com/watch?v=ITWl_5jvUiQ&t=4509s
2025/09/04,あの夢をなぞって,YOASOBI,https://www.youtube.com/watch?v=ITWl_5jvUiQ&t=4966s
2025/09/04,高嶺の花子さん,back number,https://www.youtube.com/watch?v=ITWl_5jvUiQ&t=5473s
2025/09/04,渡月橋 〜君 想ふ〜,倉木麻衣,https://www.youtube.com/watch?v=ITWl_5jvUiQ&t=5750s
2025/09/04,敗北ヒーロー,ころん,https://www.youtube.com/watch?v=ITWl_5jvUiQ&t=5978s
2025/09/04,夏祭り,Whiteberry,https://www.youtube.com/watch?v=ITWl_5jvUiQ&t=6871s
2025/09/04,イケナイ太陽,ORANGE RANGE,https://www.youtube.com/watch?v=ITWl_5jvUiQ&t=804s
2025/09/04,だんご大家族,茶太,https://www.youtube.com/watch?v=ITWl_5jvUiQ&t=1732s
2025/09/04,おかえり,絢香,https://www.youtube.com/watch?v=ITWl_5jvUiQ&t=4700s
2025/09/04,高嶺の花子さん,back number,https://www.youtube.com/watch?v=ITWl_5jvUiQ&t=5417s
2025/09/04,あの夢をなぞって,YOASOBI,https://www.youtube.com/watch?v=ITWl_5jvUiQ&t=4967s
2025/05/29,SUMMER SONG,YUI,https://www.youtube.com/watch?v=ogngAwD3-BM&t=720s
2025/05/29,少年時代,井上陽水,https://www.youtube.com/watch?v=ogngAwD3-BM&t=1083s
2025/05/29,斜陽,ヨルシカ,https://www.youtube.com/watch?v=ogngAwD3-BM&t=1522s
2025/05/29,転がる岩、君に朝が降る,ASIAN KUNG-FU GENERATION,https://www.youtube.com/watch?v=ogngAwD3-BM&t=2529s
2025/05/29,葛飾ラプソディー,堂島孝平,https://www.youtube.com/watch?v=ogngAwD3-BM&t=3237s
2025/05/29,アカツキの詩,スキマスイッチ,https://www.youtube.com/watch?v=ogngAwD3-BM&t=3612s
2025/05/29,君は薔薇より美しい,布施明,https://www.youtube.com/watch?v=ogngAwD3-BM&t=4494s
2025/05/29,レイニーブルー,德永英明,https://www.youtube.com/watch?v=ogngAwD3-BM&t=4806s
2025/05/29,恋におちて-Fall in Love-,小林明子,https://www.youtube.com/watch?v=ogngAwD3-BM&t=5084s
2025/05/29,ロビンソン,スピッツ,https://www.youtube.com/watch?v=ogngAwD3-BM&t=6134s
2025/05/29,勇者,YOASOBI,https://www.youtube.com/watch?v=ogngAwD3-BM&t=3965s
2025/05/29,TOMORROW,BiSH,https://www.youtube.com/watch?v=ogngAwD3-BM&t=5305s
2024/08/23,SUMMER SONG,YUI,https://www.youtube.com/watch?v=bwUDFF_5_fE&t=1165s
2024/08/23,マリーゴールド,あいみょん,https://www.youtube.com/watch?v=bwUDFF_5_fE&t=1670s
2024/08/23,ハルノヒ,あいみょん,https://www.youtube.com/watch?v=bwUDFF_5_fE&t=2046s
2024/08/23,群青,YOASOBI,https://www.youtube.com/watch?v=bwUDFF_5_fE&t=2859s
2024/08/23,好きだから。,ユイカ,https://www.youtube.com/watch?v=bwUDFF_5_fE&t=3160s
2024/08/23,希望の轍,サザンオールスターズ,https://www.youtube.com/watch?v=bwUDFF_5_fE&t=3630s
2024/08/23,真夏の果実,サザンオールスターズ,https://www.youtube.com/watch?v=bwUDFF_5_fE&t=4242s
2024/08/23,ライオン,"シェリル・ノーム starring May'n,ランカ・リー=中島 愛",https://www.youtube.com/watch?v=bwUDFF_5_fE&t=4705s
2025/09/11,Rain,秦基博,https://www.youtube.com/watch?v=3z_LXbMlICg&t=803s
2025/09/11,レイニーブルー,德永英明,https://www.youtube.com/watch?v=3z_LXbMlICg&t=1332s
2025/09/11,TSUNAMI,サザンオールスターズ,https://www.youtube.com/watch?v=3z_LXbMlICg&t=1622s
2025/09/11,明日も,SHISHAMO,https://www.youtube.com/watch?v=3z_LXbMlICg&t=2236s
2025/09/11,怪獣の花唄,Vaundy,https://www.youtube.com/watch?v=3z_LXbMlICg&t=2528s
2025/09/11,明日はきっといい日になる,高橋優,https://www.youtube.com/watch?v=3z_LXbMlICg&t=3112s
2025/09/11,おなじ話,ハンバート ハンバート,https://www.youtube.com/watch?v=3z_LXbMlICg&t=3275s
2025/09/11,粉雪,レミオロメン,https://www.youtube.com/watch?v=3z_LXbMlICg&t=3701s
2025/09/11,深海少女,ゆうゆ,https://www.youtube.com/watch?v=3z_LXbMlICg&t=4751s
2025/09/11,115万キロのフィルム,Official髭男dism,https://www.youtube.com/watch?v=3z_LXbMlICg&t=5289s
2025/09/11,イエスタデイ,Official髭男dism,https://www.youtube.com/watch?v=3z_LXbMlICg&t=5585s
2025/09/11,ロビンソン,スピッツ,https://www.youtube.com/watch?v=3z_LXbMlICg&t=6103s
2025/09/11,ROSE,土屋アンナ,https://www.youtube.com/watch?v=3z_LXbMlICg&t=4113s
2025/09/11,Blue Jeans,HANA,https://www.youtube.com/watch?v=3z_LXbMlICg&t=4252s
2025/09/11,イエスタデイ,Official髭男dism,https://www.youtube.com/watch?v=3z_LXbMlICg&t=5471s
2025/09/11,ピカチュウの歌,ピカチュウ(大谷育江),https://www.youtube.com/watch?v=3z_LXbMlICg&t=6053s
2025/05/23,1・2・3,After the Rain,https://www.youtube.com/watch?v=8NK9-mU-UkI&t=946s
2025/05/23,明日晴れるかな,桑田佳祐,https://www.youtube.com/watch?v=8NK9-mU-UkI&t=1646s
2025/05/23,翡翠のまち,メル,https://www.youtube.com/watch?v=8NK9-mU-UkI&t=2109s
2025/05/23,青空のラプソディ,fhána,https://www.youtube.com/watch?v=8NK9-mU-UkI&t=2419s
2025/05/23,嘘月,ヨルシカ,https://www.youtube.com/watch?v=8NK9-mU-UkI&t=2779s
2025/05/23,憂一乗,ヨルシカ,https://www.youtube.com/watch?v=8NK9-mU-UkI&t=3340s
2025/05/23,帰ろう,藤井風,https://www.youtube.com/watch?v=8NK9-mU-UkI&t=4377s
2025/05/23,ロビンソン,スピッツ,https://www.youtube.com/watch?v=8NK9-mU-UkI&t=5133s
2025/05/23,summertime,cinnamons × evening cinema,https://www.youtube.com/watch?v=8NK9-mU-UkI&t=5732s
2025/05/23,波よせて,クラムボン,https://www.youtube.com/watch?v=8NK9-mU-UkI&t=6152s
2025/05/23,twinkle night feat.somunia,nyankobrq & yaca,https://www.youtube.com/watch?v=8NK9-mU-UkI&t=6588s
2025/05/23,蝶々結び,Aimer,https://www.youtube.com/watch?v=8NK9-mU-UkI&t=7120s
2025/05/23,すずめ feat.十明,RADWIMPS,https://www.youtube.com/watch?v=8NK9-mU-UkI&t=7324s
2025/05/23,カタオモイ,Aimer,https://www.youtube.com/watch?v=8NK9-mU-UkI&t=7823s
2025/12/30,とくべチュ、して,=LOVE,https://www.youtube.com/watch?v=swb4Iv32U9E&t=483s
2025/12/30,ラブソングに襲われる,=LOVE,https://www.youtube.com/watch?v=swb4Iv32U9E&t=751s
2025/12/30,かわいいだけじゃだめですか？,CUTIE STREET,https://www.youtube.com/watch?v=swb4Iv32U9E&t=1120s
2025/12/30,倍倍FIGHT!,CANDY TUNE,https://www.youtube.com/watch?v=swb4Iv32U9E&t=1391s
2025/12/30,織姫とBABY,ねぐせ。,https://www.youtube.com/watch?v=swb4Iv32U9E&t=1737s
2025/12/30,Blue Jeans,HANA,https://www.youtube.com/watch?v=swb4Iv32U9E&t=2046s
2025/12/30,ライラック,Mrs. GREEN APPLE,https://www.youtube.com/watch?v=swb4Iv32U9E&t=2353s
2025/12/30,怪獣,サカナクション,https://www.youtube.com/watch?v=swb4Iv32U9E&t=2696s
2025/12/30,愛♡スクリ～ム！,AiScReam,https://www.youtube.com/watch?v=swb4Iv32U9E&t=3016s
2025/12/30,かがみ,FRUITS ZIPPER,https://www.youtube.com/watch?v=swb4Iv32U9E&t=3259s
2025/12/30,恋風,幾田りら,https://www.youtube.com/watch?v=swb4Iv32U9E&t=4026s
2025/12/30,Snow halation,μ's,https://www.youtube.com/watch?v=swb4Iv32U9E&t=4336s
2025/12/30,恋,星野源,https://www.youtube.com/watch?v=swb4Iv32U9E&t=4665s
2025/12/30,好き！雪！本気マジック,Mitchie M,https://www.youtube.com/watch?v=swb4Iv32U9E&t=5048s
2025/12/30,めくる世界、めぐる歌,しゆ。,https://www.youtube.com/watch?v=swb4Iv32U9E&t=5426s
2025/12/30,クスシキ,Vaundy,https://www.youtube.com/watch?v=swb4Iv32U9E&t=2290s
2025/12/30,IRIS OUT,アイナ・ジ・エンド,https://www.youtube.com/watch?v=swb4Iv32U9E&t=2464s
2025/12/30,革命道中,アイナ・ジ・エンド,https://www.youtube.com/watch?v=swb4Iv32U9E&t=2549s
2025/12/30,夢中,BE:FIRST,https://www.youtube.com/watch?v=swb4Iv32U9E&t=3644s
2025/12/30,好きすぎて滅！,M!LK,https://www.youtube.com/watch?v=swb4Iv32U9E&t=3768s
2025/12/30,イイじゃん,M!LK,https://www.youtube.com/watch?v=swb4Iv32U9E&t=3866s
2026/01/01,めくる世界、めぐる歌,しゆ。,https://www.youtube.com/watch?v=oipv97f5BGQ&t=533s
2026/01/01,風になる,つじあやの,https://www.youtube.com/watch?v=oipv97f5BGQ&t=1195s
2026/01/01,1・2・3,After the Rain,https://www.youtube.com/watch?v=oipv97f5BGQ&t=1553s
2026/01/01,神のまにまに,れるりり,https://www.youtube.com/watch?v=oipv97f5BGQ&t=2090s
2026/01/01,ベテルギウス,優里,https://www.youtube.com/watch?v=oipv97f5BGQ&t=2311s
2026/01/01,SAD SONG,ちゃんみな,https://www.youtube.com/watch?v=oipv97f5BGQ&t=3241s
2026/01/01,Blue Jeans,HANA,https://www.youtube.com/watch?v=oipv97f5BGQ&t=3674s
2026/01/01,明日はきっといい日になる,高橋優,https://www.youtube.com/watch?v=oipv97f5BGQ&t=4025s
2026/01/01,シリウスの心臓,ヰ世界情緒,https://www.youtube.com/watch?v=oipv97f5BGQ&t=4213s
2026/01/01,Rain,秦基博,https://www.youtube.com/watch?v=oipv97f5BGQ&t=4970s
2026/01/01,鱗,秦基博,https://www.youtube.com/watch?v=oipv97f5BGQ&t=5390s
2026/01/01,回る空うさぎ,Orangestar,https://www.youtube.com/watch?v=oipv97f5BGQ&t=5615s
2026/01/01,恋風,幾田りら,https://www.youtube.com/watch?v=oipv97f5BGQ&t=5975s
2026/01/01,ベイビーヘイロー,鎖那,https://www.youtube.com/watch?v=oipv97f5BGQ&t=6274s
2026/01/01,オオカミと少女,鎖那,https://www.youtube.com/watch?v=oipv97f5BGQ&t=6514s
2026/01/01,わたがし,back number,https://www.youtube.com/watch?v=oipv97f5BGQ&t=6991s
2026/01/01,星間飛行,中島愛,https://www.youtube.com/watch?v=oipv97f5BGQ&t=7183s
2026/01/08,マリーゴールド,あいみょん,https://www.youtube.com/watch?v=VCiUkJtfcTk&t=512s
2026/01/08,君はロックを聴かない,あいみょん,https://www.youtube.com/watch?v=VCiUkJtfcTk&t=1078s
2026/01/08,ロマンスの約束,幾田りら,https://www.youtube.com/watch?v=VCiUkJtfcTk&t=1553s
2026/01/08,秒針を噛む,ずっと真夜中でいいのに。,https://www.youtube.com/watch?v=VCiUkJtfcTk&t=1806s
2026/01/08,ひまわりの約束,秦基博,https://www.youtube.com/watch?v=VCiUkJtfcTk&t=2256s
2026/01/08,だきしめるまで。,MIMI,https://www.youtube.com/watch?v=VCiUkJtfcTk&t=2930s
2026/01/08,踊り子,Vaundy,https://www.youtube.com/watch?v=VCiUkJtfcTk&t=3148s
2026/01/08,蕾,コブクロ,https://www.youtube.com/watch?v=VCiUkJtfcTk&t=3465s
2026/01/08,たばこ,コレサワ,https://www.youtube.com/watch?v=VCiUkJtfcTk&t=3779s
2026/01/08,春を告げる,yama,https://www.youtube.com/watch?v=VCiUkJtfcTk&t=4315s
2026/01/08,ノーチラス,ヨルシカ,https://www.youtube.com/watch?v=VCiUkJtfcTk&t=4673s
2026/01/08,嘘月,ヨルシカ,https://www.youtube.com/watch?v=VCiUkJtfcTk&t=5036s
2026/01/08,ハロ／ハワユ,ナノウ,https://www.youtube.com/watch?v=VCiUkJtfcTk&t=5479s
2026/01/08,めくる世界、めぐる歌,しゆ。,https://www.youtube.com/watch?v=VCiUkJtfcTk&t=5945s
2026/01/10,Rain,秦基博,https://www.youtube.com/watch?v=Ne3o-Wu6-q8&t=584s
2026/01/10,from Y to Y,ジミーサムP,https://www.youtube.com/watch?v=Ne3o-Wu6-q8&t=1241s
2026/01/10,1・2・3,After the Rain,https://www.youtube.com/watch?v=Ne3o-Wu6-q8&t=1692s
2026/01/10,愛をこめて花束を,Superfly,https://www.youtube.com/watch?v=Ne3o-Wu6-q8&t=2299s
2026/01/10,シルエット,KANA-BOON,https://www.youtube.com/watch?v=Ne3o-Wu6-q8&t=2944s
2026/01/10,楓,スピッツ,https://www.youtube.com/watch?v=Ne3o-Wu6-q8&t=3434s
2026/01/10,ロビンソン,スピッツ,https://www.youtube.com/watch?v=Ne3o-Wu6-q8&t=3549s
2026/01/10,チェリー,スピッツ,https://www.youtube.com/watch?v=Ne3o-Wu6-q8&t=3658s
2026/01/10,美しい鰭,スピッツ,https://www.youtube.com/watch?v=Ne3o-Wu6-q8&t=3737s
2026/01/10,空も飛べるはず,スピッツ,https://www.youtube.com/watch?v=Ne3o-Wu6-q8&t=3805s
2026/01/10,虹,二宮和也,https://www.youtube.com/watch?v=Ne3o-Wu6-q8&t=4185s
2026/01/10,深海少女,ゆうゆ,https://www.youtube.com/watch?v=Ne3o-Wu6-q8&t=4922s
2026/01/10,"My Soul,Your Beats!",Lia,https://www.youtube.com/watch?v=Ne3o-Wu6-q8&t=5390s
2026/01/10,鳥の詩,Lia ,https://www.youtube.com/watch?v=Ne3o-Wu6-q8&t=5551s
2026/01/10,めくる世界、めぐる歌,しゆ。,https://www.youtube.com/watch?v=Ne3o-Wu6-q8&t=5841s
2026/01/12,一度だけの恋なら,ワルキューレ,https://www.youtube.com/watch?v=6FmBsWg-CjM&t=141s
2026/01/12,いけないボーダーライン,ワルキューレ,https://www.youtube.com/watch?v=6FmBsWg-CjM&t=410s
2026/01/12,僕らの戦場,ワルキューレ,https://www.youtube.com/watch?v=6FmBsWg-CjM&t=785s
2026/01/12,ルンがピカッと光ったら,ワルキューレ,https://www.youtube.com/watch?v=6FmBsWg-CjM&t=1199s
2026/01/12,ルンに花咲く恋もある,ワルキューレ,https://www.youtube.com/watch?v=6FmBsWg-CjM&t=1521s
2026/01/12,破滅の純情,ワルキューレ,https://www.youtube.com/watch?v=6FmBsWg-CjM&t=1830s
2026/01/12,トライアングラー,坂本真綾,https://www.youtube.com/watch?v=6FmBsWg-CjM&t=2220s
2026/01/12,星間飛行,ランカ・リー＝中島愛,https://www.youtube.com/watch?v=6FmBsWg-CjM&t=2556s
2026/01/12,What 'bout my star?,シェリル・ノーム starring May'n,https://www.youtube.com/watch?v=6FmBsWg-CjM&t=2918s
2026/01/12,ノーザンクロス,シェリル・ノーム starring May'n,https://www.youtube.com/watch?v=6FmBsWg-CjM&t=3221s
2026/01/12,ニンジーン Loves you yeah!,ランカ・リー＝中島愛,https://www.youtube.com/watch?v=6FmBsWg-CjM&t=3758s
2026/01/12,アナタノオト,ランカ・リー＝中島愛,https://www.youtube.com/watch?v=6FmBsWg-CjM&t=3857s
2026/01/12,放課後オーバーフロウ,ランカ・リー＝中島愛,https://www.youtube.com/watch?v=6FmBsWg-CjM&t=4164s
2026/01/12,ライオン,"シェリル・ノーム starring May'n,ランカ・リー=中島愛",https://www.youtube.com/watch?v=6FmBsWg-CjM&t=4541s
2026/01/15,ウィーアー!,きただにひろし,https://www.youtube.com/watch?v=y5_kU3teB20&t=494s
2026/01/15,ビンクスの酒,麦わらの一味,https://www.youtube.com/watch?v=y5_kU3teB20&t=1010s
2026/01/15,ココロのちず,BOYSTYLE,https://www.youtube.com/watch?v=y5_kU3teB20&t=1366s
2026/01/15,糸,中島みゆき,https://www.youtube.com/watch?v=y5_kU3teB20&t=1912s
2026/01/15,点描の唄,Mrs. GREEN APPLE,https://www.youtube.com/watch?v=y5_kU3teB20&t=2380s
2026/01/15,青と夏,Mrs. GREEN APPLE,https://www.youtube.com/watch?v=y5_kU3teB20&t=2949s
2026/01/15,StaRt,Mrs. GREEN APPLE,https://www.youtube.com/watch?v=y5_kU3teB20&t=3090s
2026/01/15,ハロ／ハワユ,ナノウ,https://www.youtube.com/watch?v=y5_kU3teB20&t=3499s
2026/01/15,めくる世界、めぐる歌,しゆ。,https://www.youtube.com/watch?v=y5_kU3teB20&t=4038s
2026/01/22,ブルーベリー・ナイツ,マカロニえんぴつ,https://www.youtube.com/watch?v=_pq7UlMkMpI&t=520s
2026/01/22,天体観測,BUMP OF CHICKEN,https://www.youtube.com/watch?v=_pq7UlMkMpI&t=1139s
2026/01/22,世界に一つだけの花,SMAP,https://www.youtube.com/watch?v=_pq7UlMkMpI&t=1755s
2026/01/22,T.A.O.,じん,https://www.youtube.com/watch?v=_pq7UlMkMpI&t=2345s
2026/01/22,ちっぽけな愛のうた,小笠原秋 × 大原櫻子,https://www.youtube.com/watch?v=_pq7UlMkMpI&t=2935s
2026/01/22,すきなうた,yui × 锁那,https://www.youtube.com/watch?v=_pq7UlMkMpI&t=3418s
2026/01/22,斜陽,ヨルシカ,https://www.youtube.com/watch?v=_pq7UlMkMpI&t=3693s
2026/01/22,転がる岩、君に朝が降る,ASIAN KUNG-FU GENERATION,https://www.youtube.com/watch?v=_pq7UlMkMpI&t=4012s
2026/01/22,粉雪,レミオロメン,https://www.youtube.com/watch?v=_pq7UlMkMpI&t=4802s
2026/01/22,3月9日,レミオロメン,https://www.youtube.com/watch?v=_pq7UlMkMpI&t=5310s
2026/01/22,めくる世界、めぐる歌,しゆ。,https://www.youtube.com/watch?v=_pq7UlMkMpI&t=5850s
2026/01/22,テルーの唄,手嶌葵,https://www.youtube.com/watch?v=_pq7UlMkMpI&t=6257s
2026/01/26,たばこ,コレサワ,https://www.youtube.com/watch?v=ohExKW9WLV0&t=477s
2026/01/26,風になる,つじあやの,https://www.youtube.com/watch?v=ohExKW9WLV0&t=1030s
2026/01/26,なごり雪,イルカ,https://www.youtube.com/watch?v=ohExKW9WLV0&t=1484s
2026/01/26,ひとり旅,瀬名航,https://www.youtube.com/watch?v=ohExKW9WLV0&t=1802s
2026/01/26,彼女は旅に出る,鎖那,https://www.youtube.com/watch?v=ohExKW9WLV0&t=2341s
2026/01/26,ガーネット,奥華子,https://www.youtube.com/watch?v=ohExKW9WLV0&t=2687s
2026/01/26,楓,スピッツ,https://www.youtube.com/watch?v=ohExKW9WLV0&t=3097s
2026/01/26,希望の轍,サザンオールスターズ,https://www.youtube.com/watch?v=ohExKW9WLV0&t=3435s
2026/01/26,明日晴れるかな,桑田佳祐,https://www.youtube.com/watch?v=ohExKW9WLV0&t=3992s
2026/01/26,めくる世界、めぐる歌,しゆ。,https://www.youtube.com/watch?v=ohExKW9WLV0&t=4530s
2026/01/28,彼女は旅に出る,鎖那,https://www.youtube.com/watch?v=LMzKLL7652w&t=280s
2026/01/28,ベイビーヘイロー,鎖那,https://www.youtube.com/watch?v=LMzKLL7652w&t=613s
2026/01/28,備忘録,鎖那,https://www.youtube.com/watch?v=LMzKLL7652w&t=896s
2026/01/28,tutu,鎖那,https://www.youtube.com/watch?v=LMzKLL7652w&t=1330s
2026/01/28,テルテルユー,鎖那,https://www.youtube.com/watch?v=LMzKLL7652w&t=1655s
2026/01/28,ひとり旅,鎖那,https://www.youtube.com/watch?v=LMzKLL7652w&t=2187s
2026/01/28,aimai,鎖那,https://www.youtube.com/watch?v=LMzKLL7652w&t=2640s
2026/01/28,パズルガール,とあ,https://www.youtube.com/watch?v=LMzKLL7652w&t=3005s
2026/01/28,可愛くなりたい,HoneyWorks,https://www.youtube.com/watch?v=LMzKLL7652w&t=3327s
2026/01/29,おなじ話,ハンバート ハンバート,https://www.youtube.com/watch?v=YyoYTRlKLUI&t=534s
2026/01/29,月が綺麗,岩見拓馬,https://www.youtube.com/watch?v=YyoYTRlKLUI&t=885s
2026/01/29,浮気されたけどまだ好きって曲。,りりあ。,https://www.youtube.com/watch?v=YyoYTRlKLUI&t=1233s
2026/01/29,シュテルン,鎖那,https://www.youtube.com/watch?v=YyoYTRlKLUI&t=1484s
2026/01/29,オオカミと少女,鎖那,https://www.youtube.com/watch?v=YyoYTRlKLUI&t=1820s
2026/01/29,ベイビーヘイロー,鎖那,https://www.youtube.com/watch?v=YyoYTRlKLUI&t=2239s
2026/01/29,heavenly days,新垣結衣,https://www.youtube.com/watch?v=YyoYTRlKLUI&t=2585s
2026/01/29,カントリー・ロード,本名陽子,https://www.youtube.com/watch?v=YyoYTRlKLUI&t=2948s
2026/01/29,ぎゅっと。,もさを,https://www.youtube.com/watch?v=YyoYTRlKLUI&t=3680s
2026/01/29,風になる,つじあやの,https://www.youtube.com/watch?v=YyoYTRlKLUI&t=4027s
2026/01/29,手紙 ～拝啓 十五の君へ～,アンジェラ・アキ,https://www.youtube.com/watch?v=YyoYTRlKLUI&t=4447s
2026/01/29,115万キロのフィルム,Official髭男dism,https://www.youtube.com/watch?v=YyoYTRlKLUI&t=4669s
2026/01/29,糸,中島みゆき,https://www.youtube.com/watch?v=YyoYTRlKLUI&t=4977s
2026/01/29,晩餐歌,tuki.,https://www.youtube.com/watch?v=YyoYTRlKLUI&t=5378s
2026/01/29,ロビンソン,スピッツ,https://www.youtube.com/watch?v=YyoYTRlKLUI&t=5717s